rank	lemma	cf	df	mean_tf	cf_pm	df_pct
1	le	2032953	7728	263.063276	75027.167068	99.974127
2	de	1373918	7728	177.784420	50705.144351	99.974127
3	un	852957	7715	110.558263	31478.813008	99.805951
4	être	693156	7725	89.728932	25581.275620	99.935317
5	et	667659	7721	86.473125	24640.295835	99.883571
6	que	564496	7720	73.121244	20833.012717	99.870634
7	avoir	530747	7722	68.731805	19587.488663	99.896507
8	à	529391	7723	68.547326	19537.444792	99.909444
9	ce	489238	7716	63.405651	18055.577853	99.818887
10	il	473456	7699	61.495779	17473.135095	99.598965
11	ne	421634	7720	54.615803	15560.617761	99.870634
12	son	389227	7681	50.674001	14364.620902	99.366106
13	je	381138	7476	50.981541	14066.092232	96.714101
14	se	367888	7688	47.852237	13577.094226	99.456662
15	en	298436	7698	38.767992	11013.932753	99.586028
16	vous	269800	7031	38.372920	9957.106571	90.957309
17	qui	262164	7705	34.025178	9675.296098	99.676585
18	pas	229090	7701	29.748085	8454.683263	99.624838
19	dans	207146	7686	26.951080	7644.828754	99.430789
20	elle	206220	7399	27.871334	7610.654252	95.717982
21	du	201598	7679	26.253158	7440.076985	99.340233
22	dire	196356	7646	25.680879	7246.618302	98.913325
23	faire	175814	7679	22.895429	6488.505318	99.340233
24	pour	171013	7680	22.267318	6311.321965	99.353169
25	au	167080	7666	21.794939	6166.172594	99.172057
26	me	166873	7094	23.523118	6158.533154	91.772316
27	lui	147165	7596	19.374013	5431.199364	98.266494
28	mon	143261	7189	19.927806	5287.120254	93.001294
29	tout	140373	7672	18.296794	5180.537141	99.249677
30	le:PRON	140023	7658	18.284539	5167.620213	99.068564
31	mais	134949	7678	17.576061	4980.361656	99.327296
32	sur	129014	7639	16.888860	4761.327454	98.822768
33	si	128169	7644	16.767268	4730.142298	98.887451
34	plus	124008	7652	16.205959	4576.578472	98.990944
35	par	120358	7605	15.826167	4441.873361	98.382924
36	avec	114726	7631	15.034203	4234.021529	98.719276
37	on	113291	7547	15.011395	4181.062122	97.632600
38	nous	106731	7254	14.713400	3938.961977	93.842173
39	comme	106039	7612	13.930504	3913.423364	98.473480
40	bien	94686	7570	12.508058	3494.435110	97.930142
41	pouvoir	89013	7601	11.710696	3285.070153	98.331177
42	voir	77545	7517	10.315951	2861.837765	97.244502
43	aller	75985	7492	10.142152	2804.265170	96.921087
44	moi	65155	6737	9.671219	2404.578498	87.153946
45	homme	63227	7161	8.829353	2333.424674	92.639069
46	leur	63065	6833	9.229475	2327.445982	88.395860
47	vouloir	62025	7387	8.396507	2289.064252	95.562743
48	y	62015	7405	8.374747	2288.695196	95.795602
49	savoir	58705	7330	8.008868	2166.537959	94.825356
50	venir	58495	7401	7.903662	2158.787802	95.743855
51	ils	58189	6651	8.748910	2147.494716	86.041397
52	où	56556	7381	7.662376	2087.228018	95.485123
53	tu	56190	4656	12.068299	2073.720601	60.232859
54	deux	55377	7212	7.678453	2043.716422	93.298836
55	monsieur	51400	5094	10.090302	1896.943209	65.899094
56	sans	51170	7269	7.039483	1888.454942	94.036223
57	ou	50781	7280	6.975412	1874.098698	94.178525
58	prendre	48364	7354	6.576557	1784.898081	95.135834
59	devoir	47142	7183	6.562996	1739.799548	92.923674
60	répondre	46589	6942	6.711178	1719.390801	89.805951
61	donc	46157	7251	6.365605	1703.447620	93.803364
62	grand	43359	7051	6.149341	1600.186004	91.216041
63	encore	42259	7251	5.828024	1559.589943	93.803364
64	donner	41742	7166	5.825007	1540.509794	92.703752
65	dont	40736	6978	5.837776	1503.382851	90.271669
66	jour	40129	6903	5.813270	1480.981207	89.301423
67	quelque	40042	6961	5.752334	1477.770427	90.051746
68	femme	39404	5246	7.511247	1454.224712	67.865459
69	votre	38405	5549	6.921067	1417.356108	71.785252
70	trouver	38391	7052	5.443988	1416.839431	91.228978
71	demander	38023	6892	5.516976	1403.258203	89.159120
72	même	37101	7090	5.232863	1369.231323	91.720569
73	madame	36294	3413	10.634046	1339.448576	44.152652
74	cela	36124	6844	5.278200	1333.174640	88.538163
75	rien	35541	6948	5.115285	1311.658727	89.883571
76	heure	35519	6670	5.325187	1310.846806	86.287193
77	jeune	35408	5673	6.241495	1306.750295	73.389392
78	croire	35375	6863	5.154451	1305.532413	88.783959
79	main	34332	6751	5.085469	1267.039966	87.335058
80	quand	33602	6554	5.126945	1240.098944	84.786546
81	petit	33559	6133	5.471873	1238.512007	79.340233
82	aussi	32880	6901	4.764527	1213.453166	89.275550
83	puis	32257	6714	4.804438	1190.461033	86.856404
84	mettre	32061	6790	4.721797	1183.227553	87.839586
85	point	31929	6620	4.823112	1178.356026	85.640362
86	falloir	31575	6801	4.642700	1165.291475	87.981889
87	non	31182	6680	4.667964	1150.787610	86.416559
88	après	31065	6800	4.568382	1146.469665	87.968952
89	passer	30930	6962	4.442689	1141.487421	90.064683
90	te	30508	3933	7.756929	1125.913296	50.879690
91	laisser	29593	6791	4.357679	1092.144754	87.852523
92	bon	29248	6370	4.591523	1079.412354	82.406210
93	oui	29229	5981	4.886975	1078.711149	77.373868
94	parler	29029	6373	4.554998	1071.330047	82.445019
95	alors	28864	6541	4.412781	1065.240638	84.618370
96	œil	28468	6433	4.425307	1050.626056	83.221216
97	là	28278	6588	4.292350	1043.614009	85.226391
98	jamais	27639	6318	4.374644	1020.031388	81.733506
99	aimer	27180	4924	5.519903	1003.091759	63.699871
100	seul	26853	6600	4.068636	991.023657	85.381630
101	sous	26772	6416	4.172693	988.034311	83.001294
102	car	26589	6386	4.163639	981.280603	82.613195
103	entendre	26533	6417	4.134798	979.213894	83.014230
104	autre	26272	6637	3.958415	969.581556	85.860285
105	roi	25240	2721	9.276001	931.495070	35.200517
106	toujours	25143	6364	3.950817	927.915235	82.328590
107	premier	25000	6530	3.828484	922.637748	84.476067
108	ni	24915	5061	4.922940	919.500779	65.472186
109	arriver	24553	6466	3.797247	906.140985	83.648124
110	ami	24537	5564	4.409957	905.550496	71.979301
111	beau	24300	5594	4.343940	896.803891	72.367400
112	rester	24079	6212	3.876207	888.647773	80.362225
113	enfant	23802	4752	5.008838	878.424947	61.474774
114	attendre	23496	6332	3.710676	867.131861	81.914618
115	ton	23453	4571	5.130825	865.544924	59.133247
116	hé	23413	5665	4.132921	864.068703	73.285899
117	regarder	23370	6025	3.878838	862.481766	77.943079
118	tête	23110	6107	3.784182	852.886334	79.003881
119	vers	22790	6057	3.762589	841.076571	78.357050
120	reprendre	22727	5925	3.835781	838.751524	76.649418
121	chez	22409	4925	4.550051	827.015571	63.712807
122	fille	22216	3899	5.697871	819.892808	50.439845
123	vie	21998	5237	4.200496	811.847407	67.749030
124	père	21945	3816	5.750786	809.891415	49.366106
125	jusque	21930	6208	3.532539	809.337832	80.310479
126	tenir	21807	6319	3.451021	804.798454	81.746442
127	cœur	21661	5452	3.973037	799.410250	70.530401
128	porte	21284	4847	4.391170	785.496873	62.703752
129	il y a	21163	6271	3.374741	781.031306	81.125485
130	trois	21137	5719	3.695926	780.071763	73.984476
131	quel	20972	6020	3.483721	773.982354	77.878396
132	ainsi	20925	6178	3.387018	772.247795	79.922380
133	celui	20782	6140	3.384691	766.970307	79.430789
134	temps	20615	6238	3.304745	760.807087	80.698577
135	connaître	20478	5861	3.493943	755.751032	75.821475
136	ha	20381	4990	4.084369	752.171197	64.553687
137	écrier	20370	5365	3.796831	751.765237	69.404916
138	comte	20335	2179	9.332263	750.473544	28.188875
139	lorsque	20161	5572	3.618270	744.051985	72.082794
140	depuis	20049	5970	3.358291	739.918568	77.231565
141	mille	19605	4273	4.588111	723.532522	55.278137
142	moins	19399	6170	3.144084	715.929987	79.818887
143	trop	19390	5695	3.404741	715.597837	73.673997
144	entre	19273	5844	3.297912	711.279892	75.601552
145	sembler	19237	5887	3.267709	709.951294	76.157827
146	vivre	18893	5661	3.337396	697.255799	73.234153
147	moment	18878	5974	3.160027	696.702216	77.283312
148	comprendre	18864	5864	3.216917	696.185539	75.860285
149	peut-être	18661	5735	3.253880	688.693720	74.191462
150	enfin	18414	5873	3.135365	679.578059	75.976714
151	rendre	18367	5887	3.119925	677.843500	76.157827
152	ho	18361	4448	4.127923	677.622067	57.542044
153	paraître	18360	5864	3.130969	677.585162	75.860285
154	suivre	17904	5923	3.022793	660.756249	76.623545
155	peu	17842	5817	3.067217	658.468108	75.252264
156	maître	17808	4762	3.739605	657.213320	61.604140
157	pendant	17741	5475	3.240365	654.740651	70.827943
158	maison	17686	4374	4.043439	652.710848	56.584735
159	devant	17407	5519	3.154013	642.414211	71.397154
160	notre	17273	4957	3.484567	637.468873	64.126779
161	celle	17250	5600	3.080357	636.620046	72.445019
162	mère	17031	3238	5.259728	628.537739	41.888745
163	pauvre	17027	4877	3.491286	628.390117	63.091850
164	assez	17008	5557	3.060644	627.688912	71.888745
165	dernier	16983	5623	3.020274	626.766275	72.742561
166	déjà	16975	5801	2.926220	626.471031	75.045278
167	mot	16830	5470	3.076782	621.119732	70.763260
168	très	16764	4066	4.122971	618.683968	52.600259
169	voilà	16710	5440	3.071691	616.691070	70.375162
170	revenir	16679	5545	3.007935	615.547000	71.733506
171	sortir	16678	5413	3.081101	615.510094	70.025873
172	fort	16670	5507	3.027056	615.214850	71.241915
173	voix	16648	4918	3.385116	614.402929	63.622251
174	chose	16625	5433	3.060004	613.554102	70.284605
175	an	16524	4480	3.688393	609.826646	57.956016
176	air	16332	4926	3.315469	602.740788	63.725744
177	porter	16055	5710	2.811734	592.517961	73.868047
178	pied	16006	5263	3.041231	590.709591	68.085382
179	entrer	15859	5144	3.083009	585.284482	66.545925
180	sentir	15756	5094	3.093051	581.483214	65.899094
181	perdre	15706	5605	2.802141	579.637938	72.509702
182	jeter	15588	5335	2.921837	575.283088	69.016818
183	vieux	15527	3882	3.999742	573.031852	50.219922
184	nuit	15512	4828	3.212925	572.478270	62.457956
185	aucun	15476	5194	2.979592	571.149671	67.192755
186	contre	15456	5191	2.977461	570.411561	67.153946
187	l'autre	15451	5531	2.793527	570.227033	71.552393
188	chercher	15388	5511	2.792234	567.901986	71.293661
189	devenir	15304	5183	2.952730	564.801924	67.050453
190	coup	14943	5055	2.956083	551.479034	65.394567
191	amour	14931	3377	4.421380	551.036168	43.686934
192	comment	14806	5256	2.816971	546.422980	67.994825
193	penser	14804	5108	2.898199	546.349169	66.080207
194	mourir	14757	4355	3.388519	544.614610	56.338939
195	nom	14746	4915	3.000203	544.208649	63.583441
196	monde	14534	4791	3.033605	536.384681	61.979301
197	arrêter	14522	5215	2.784660	535.941815	67.464424
198	toute	14079	5458	2.579516	519.592674	70.608021
199	bras	13941	4880	2.856762	514.499714	63.130660
200	nouveau	13836	5047	2.741431	510.624635	65.291074
201	cependant	13713	5412	2.533814	506.085257	70.012937
202	appeler	13515	5188	2.605050	498.777966	67.115136
203	tomber	13446	4981	2.699458	496.231486	64.437257
204	elles	13442	4088	3.288160	496.083864	52.884864
205	quitter	13385	5057	2.646826	493.980250	65.420440
206	pourquoi	13286	4930	2.694929	490.326605	63.777490
207	mieux	13027	5186	2.511955	480.768077	67.089263
208	terre	12964	4476	2.896336	478.443030	57.904269
209	capitaine	12962	1916	6.765136	478.369219	24.786546
210	parole	12922	4916	2.628560	476.892999	63.596378
211	ici	12908	4596	2.808529	476.376322	59.456662
212	regard	12821	4534	2.827746	473.165542	58.654592
213	mort	12806	4023	3.183197	472.611960	52.043984
214	ouvrir	12722	4815	2.642160	469.511897	62.289780
215	cheval	12704	3202	3.967520	468.847598	41.423027
216	soir	12572	4539	2.769773	463.976070	58.719276
217	chambre	12549	3742	3.353554	463.127244	48.408797
218	continuer	12456	4724	2.636749	459.695031	61.112549
219	cher	12397	3849	3.220837	457.517606	49.793014
220	instant	12394	4988	2.484763	457.406890	64.527814
221	toi	12322	3277	3.760146	454.749693	42.393273
222	lettre	12316	2971	4.145406	454.528260	38.434670
223	idée	12254	4399	2.785633	452.240118	56.908150
224	ceux	12189	4757	2.562329	449.841260	61.539457
225	partir	12164	4534	2.682841	448.918622	58.654592
226	lever	12075	4736	2.549620	445.634032	61.267788
227	personne	12067	4532	2.662621	445.338788	58.628719
228	recevoir	12002	4740	2.532068	442.939930	61.319534
229	reconnaître	11983	4844	2.473782	442.238725	62.664942
230	gens	11840	4089	2.895573	436.961237	52.897801
231	maintenant	11762	4747	2.477775	434.082607	61.410091
232	esprit	11675	4240	2.753538	430.871828	54.851229
233	nos	11558	3987	2.898921	426.553883	51.578266
234	sourire	11549	4111	2.809292	426.221734	53.182406
235	fois	11548	4988	2.315156	426.184828	64.527814
236	seulement	11507	5023	2.290862	424.671702	64.980595
237	vrai	11484	4769	2.408052	423.822876	61.694696
238	apercevoir	11482	4594	2.499347	423.749065	59.430789
239	vos	11445	3800	3.011842	422.383561	49.159120
240	laquelle	11430	4687	2.438660	421.829978	60.633894
241	raison	11346	4838	2.345184	418.729915	62.587322
242	frère	11244	2801	4.014281	414.965553	36.235446
243	prince	11124	2018	5.512389	410.536892	26.106080
244	rue	11016	2565	4.294737	406.551097	33.182406
245	montrer	10993	4445	2.473116	405.702270	57.503234
246	eux	10963	4303	2.547757	404.595105	55.666235
247	place	10924	4412	2.475975	403.155790	57.076326
248	mal	10879	4328	2.513632	401.495042	55.989651
249	eau	10866	3301	3.291730	401.015271	42.703752
250	monter	10863	4263	2.548205	400.904554	55.148771
251	quatre	10840	4140	2.618357	400.055727	53.557568
252	commencer	10809	4913	2.200081	398.911657	63.557568
253	affaire	10701	3765	2.842231	394.925861	48.706339
254	mademoiselle	10666	1864	5.722103	393.634169	24.113842
255	puisque	10644	4680	2.274359	392.822247	60.543338
256	certain	10560	4549	2.321389	389.722185	58.848642
257	force	10559	4331	2.438005	389.685279	56.028461
258	d'ailleurs	10490	4440	2.362613	387.138799	57.438551
259	sans doute	10484	4590	2.284096	386.917366	59.379043
260	fils	10463	3062	3.417048	386.142350	39.611902
261	long	10445	4513	2.314425	385.478051	58.382924
262	ça	10410	1616	6.441832	384.186358	20.905563
263	matin	10409	4221	2.466003	384.149453	54.605433
264	cent	10367	3427	3.025095	382.599421	44.333765
265	côté	10350	4584	2.257853	381.972027	59.301423
266	or	10138	3973	2.551724	374.148059	51.397154
267	en effet	10080	4790	2.104384	372.007540	61.966365
268	servir	10018	4296	2.331937	369.719398	55.575679
269	âme	9889	3251	3.041833	364.958587	42.056921
270	reine	9819	1501	6.541639	362.375202	19.417853
271	heureux	9815	3926	2.500000	362.227580	50.789133
272	écouter	9795	3999	2.449362	361.489469	51.733506
273	franc	9792	1921	5.097345	361.378753	24.851229
274	besoin	9778	4284	2.282446	360.862076	55.420440
275	rire	9652	3231	2.987310	356.211982	41.798189
276	presque	9633	4416	2.181386	355.510777	57.128072
277	famille	9583	3138	3.053856	353.665501	40.595084
278	tirer	9538	4219	2.260725	352.004753	54.579560
279	route	9447	3424	2.759054	348.646352	44.294955
280	droit	9435	4257	2.216350	348.203486	55.071151
281	haut	9426	4189	2.250179	347.871336	54.191462
282	ville	9403	2834	3.317925	347.022510	36.662354
283	cinq	9355	3874	2.414817	345.251045	50.116429
284	ordre	9354	3844	2.433403	345.214140	49.728331
285	pousser	9297	4359	2.132829	343.110526	56.390686
286	avant	9285	4241	2.189342	342.667659	54.864166
287	lui-même	9274	4301	2.156243	342.261699	55.640362
288	descendre	9235	3952	2.336791	340.822384	51.125485
289	mer	9131	2207	4.137290	336.984211	28.551100
290	fond	9104	3769	2.415495	335.987762	48.758085
291	parce que	9100	3958	2.299141	335.840140	51.203105
292	garder	8993	3969	2.265810	331.891251	51.345408
293	marquis	8974	1029	8.721088	331.190046	13.311772
294	dix	8937	3911	2.285093	329.824542	50.595084
295	crier	8924	3255	2.741628	329.344770	42.108668
296	oublier	8895	4099	2.170041	328.274511	53.027167
297	près de	8878	4149	2.139793	327.647117	53.673997
298	quoi	8853	4170	2.123022	326.724479	53.945666
299	duc	8793	1206	7.291045	324.510149	15.601552
300	second	8775	4018	2.183922	323.845849	51.979301
301	tandis que	8764	4049	2.164485	323.439889	52.380336
302	rentrer	8739	3937	2.219710	322.517251	50.931436
303	l'un	8723	4088	2.133806	321.926763	52.884864
304	ajouter	8722	4231	2.061451	321.889857	54.734799
305	courir	8703	4165	2.089556	321.188653	53.880983
306	permettre	8669	4090	2.119560	319.933865	52.910737
307	mois	8614	3277	2.628624	317.904062	42.393273
308	docteur	8513	1087	7.831647	314.176606	14.062096
309	noir	8472	3292	2.573512	312.663480	42.587322
310	marcher	8417	3833	2.195930	310.633677	49.586028
311	tant	8410	4104	2.049220	310.375338	53.091850
312	bruit	8405	3674	2.287697	310.190811	47.529107
313	chaque	8403	3608	2.328991	310.117000	46.675291
314	tel	8393	3905	2.149296	309.747945	50.517464
315	cacher	8372	3765	2.223639	308.972929	48.706339
316	blanc	8361	3255	2.568664	308.566968	42.108668
317	retourner	8278	4036	2.051041	305.503811	52.212160
318	feu	8274	3281	2.521792	305.356189	42.445019
319	mouvement	8235	3780	2.178571	303.916874	48.900388
320	craindre	8178	4030	2.029280	301.813260	52.134541
321	occuper	8155	3864	2.110507	300.964433	49.987063
322	bonheur	8124	3153	2.576594	299.820362	40.789133
323	conduire	8100	3970	2.040302	298.934630	51.358344
324	d'abord	8093	4171	1.940302	298.676292	53.958603
325	tour	8085	3957	2.043215	298.381048	51.190168
326	partie	8057	3744	2.151976	297.347693	48.434670
327	finir	8033	3335	2.408696	296.461961	43.143596
328	général	8001	2115	3.782979	295.280985	27.360931
329	fait	7951	4052	1.962241	293.435709	52.419146
330	secret	7894	3101	2.545630	291.332095	40.116429
331	mari	7889	2214	3.563234	291.147568	28.641656
332	apprendre	7838	3679	2.130470	289.265387	47.593790
333	lequel	7833	3997	1.959720	289.080859	51.707633
334	cri	7827	3348	2.337814	288.859426	43.311772
335	honneur	7817	3523	2.218848	288.490371	45.575679
336	malgré	7815	3719	2.101371	288.416560	48.111255
337	compter	7813	3804	2.053891	288.342749	49.210867
338	écrire	7803	2966	2.630816	287.973694	38.369987
339	pays	7729	3066	2.520874	285.242686	39.663648
340	silence	7723	3391	2.277499	285.021253	43.868047
341	pensée	7661	3371	2.272619	282.733111	43.609314
342	songer	7649	3705	2.064507	282.290245	47.930142
343	frapper	7626	3734	2.042314	281.441419	48.305304
344	manquer	7616	3950	1.928101	281.072363	51.099612
345	rencontrer	7548	3675	2.053878	278.562789	47.542044
346	asseoir	7542	3422	2.203974	278.341356	44.269082
347	répéter	7524	3647	2.063066	277.677056	47.179819
348	argent	7512	2649	2.835787	277.234190	34.269082
349	tuer	7505	2894	2.593296	276.975852	37.438551
350	corps	7497	3289	2.279416	276.680608	42.548512
351	fenêtre	7494	2645	2.833270	276.569891	34.217335
352	pareil	7481	3766	1.986458	276.090120	48.719276
353	lire	7477	3052	2.449869	275.942498	39.482536
354	derrière	7382	3459	2.134143	272.436474	44.747736
355	présenter	7378	3763	1.960670	272.288852	48.680466
356	causer	7360	3327	2.212203	271.624553	43.040103
357	mauvais	7353	3572	2.058511	271.366214	46.209573
358	baron	7352	929	7.913886	271.329309	12.018111
359	envoyer	7332	3522	2.081772	270.591199	45.562743
360	six	7311	3369	2.170080	269.816183	43.583441
361	offrir	7300	3537	2.063896	269.410222	45.756792
362	question	7273	3598	2.021401	268.413774	46.545925
363	île	7272	1337	5.439043	268.376868	17.296248
364	aujourd'hui	7256	3374	2.150563	267.786380	43.648124
365	gros	7241	2900	2.496897	267.232797	37.516171
366	quelque chose	7228	3597	2.009452	266.753026	46.532988
367	quant à	7223	3882	1.860639	266.568498	50.219922
368	souvenir	7220	3322	2.173390	266.457781	42.975420
369	chemin	7181	3348	2.144863	265.018467	43.311772
370	plein	7151	3297	2.168941	263.911301	42.652005
371	longtemps	7086	3617	1.959082	261.512443	46.791721
372	lit	7067	2571	2.748736	260.811238	33.260026
373	visage	7036	3241	2.170935	259.667168	41.927555
374	ciel	7027	3341	2.103262	259.335018	43.221216
375	agir	7015	3516	1.995165	258.892152	45.485123
376	tourner	6995	3419	2.045920	258.154042	44.230272
377	table	6955	2664	2.610736	256.677821	34.463131
378	profond	6886	3526	1.952921	254.131341	45.614489
379	fortune	6882	2411	2.854417	253.983719	31.190168
380	retrouver	6842	3422	1.999416	252.507499	44.269082
381	dame	6823	2206	3.092928	251.806294	28.538163
382	au milieu de	6818	3406	2.001762	251.621767	44.062096
383	voici	6818	3515	1.939687	251.621767	45.472186
384	remettre	6752	3507	1.925292	249.186003	45.368693
385	tromper	6736	3522	1.912550	248.595515	45.562743
386	lendemain	6704	3215	2.085226	247.414538	41.591203
387	essayer	6703	3616	1.853706	247.377633	46.778784
388	possible	6702	3719	1.802097	247.340727	48.111255
389	voiture	6666	1925	3.462857	246.012129	24.902975
390	sentiment	6660	2732	2.437775	245.790696	35.342820
391	jouer	6650	2785	2.387792	245.421641	36.028461
392	gagner	6614	3226	2.050217	244.093042	41.733506
393	est-ce que	6576	3182	2.066625	242.690633	41.164295
394	plaisir	6561	2919	2.247688	242.137050	37.761966
395	compagnon	6536	2524	2.589540	241.214413	32.652005
396	espérer	6531	3680	1.774728	241.029885	47.606727
397	sauver	6528	2835	2.302646	240.919169	36.675291
398	sœur	6500	1957	3.321410	239.885814	25.316947
399	bientôt	6494	3334	1.947810	239.664381	43.130660
400	tendre	6458	3459	1.867014	238.335783	44.747736
401	soleil	6457	2786	2.317660	238.298877	36.041397
402	joie	6434	3096	2.078165	237.450051	40.051746
403	bas	6404	3374	1.898044	236.342885	43.648124
404	minute	6398	3239	1.975301	236.121452	41.901682
405	à travers	6397	3177	2.013535	236.084547	41.099612
406	peu de	6393	3343	1.912354	235.936925	43.247089
407	coucher	6383	2977	2.144105	235.567870	38.512290
408	à peine	6372	3647	1.747189	235.161909	47.179819
409	abbé	6358	832	7.641827	234.645232	10.763260
410	surtout	6353	3485	1.822956	234.460704	45.084088
411	échapper	6349	3392	1.871757	234.313082	43.880983
412	soit	6328	3003	2.107226	233.538067	38.848642
413	tant de	6324	3111	2.032787	233.390445	40.245796
414	doux	6305	3069	2.054415	232.689240	39.702458
415	approcher	6279	3538	1.774731	231.729697	45.769728
416	souffrir	6260	2755	2.272232	231.028492	35.640362
417	beaucoup	6244	3061	2.039856	230.438004	39.598965
418	rappeler	6242	3427	1.821418	230.364193	44.333765
419	fin	6231	3109	2.004181	229.958232	40.219922
420	figure	6217	2767	2.246838	229.441555	35.795602
421	charger	6184	3366	1.837195	228.223673	43.544631
422	travail	6182	2449	2.524296	228.149862	31.681759
423	impossible	6154	3439	1.789474	227.116508	44.489004
424	tous	6148	3226	1.905766	226.895075	41.733506
425	cents	6143	2433	2.524866	226.710547	31.474774
426	d'autre	6135	3470	1.768012	226.415303	44.890039
427	année	6130	2752	2.227471	226.230776	35.601552
428	pourtant	6130	2745	2.233151	226.230776	35.510996
429	terrible	6125	3079	1.989282	226.046248	39.831824
430	abandonner	6108	3263	1.871897	225.418854	42.212160
431	pour que	6094	3472	1.755184	224.902177	44.915912
432	château	6035	1918	3.146507	222.724752	24.812419
433	murmurer	6034	2798	2.156540	222.687847	36.196636
434	aussitôt	6032	3389	1.779876	222.614036	43.842173
435	n'est-ce pas	6027	2870	2.100000	222.429508	37.128072
436	moyen	5990	3187	1.879511	221.064004	41.228978
437	bois	5971	2546	2.345247	220.362800	32.936611
438	malheur	5970	2897	2.060753	220.325894	37.477361
439	français	5964	2071	2.879768	220.104461	26.791721
440	ancien	5954	2640	2.255303	219.735406	34.152652
441	sorte	5932	3141	1.888571	218.923485	40.633894
442	souvent	5923	2879	2.057312	218.591335	37.244502
443	battre	5916	2836	2.086037	218.332997	36.688228
444	froid	5892	2732	2.156662	217.447264	35.342820
445	garçon	5883	2291	2.567874	217.115115	29.637775
446	chacun	5881	2873	2.046989	217.041304	37.166882
447	personne:PRON	5871	3117	1.883542	216.672249	40.323415
448	payer	5870	2435	2.410678	216.635343	31.500647
449	loin	5850	3130	1.869010	215.897233	40.491591
450	refuser	5824	3000	1.941333	214.937690	38.809832
451	plusieurs	5808	2996	1.938585	214.347202	38.758085
452	fou	5772	2655	2.174011	213.018603	34.346701
453	élever	5760	3130	1.840256	212.575737	40.491591
454	cour	5753	2313	2.487246	212.317398	29.922380
455	emporter	5743	2981	1.926535	211.948343	38.564036
456	prier	5743	3008	1.909242	211.948343	38.913325
457	larme	5742	2455	2.338900	211.911438	31.759379
458	riche	5719	2507	2.281213	211.062611	32.432083
459	fermer	5704	3121	1.827619	210.509028	40.375162
460	sang	5670	2642	2.146101	209.254241	34.178525
461	valoir	5658	3075	1.840000	208.811375	39.780078
462	de plus	5635	3317	1.698824	207.962548	42.910737
463	milieu	5631	2990	1.883278	207.814926	38.680466
464	promettre	5623	2992	1.879345	207.519682	38.706339
465	dormir	5602	2514	2.228321	206.744666	32.522639
466	douleur	5591	2434	2.297042	206.338706	31.487710
467	nature	5589	2702	2.068468	206.264895	34.954722
468	forcer	5572	3159	1.763849	205.637501	40.866753
469	quoique	5567	2694	2.066444	205.452974	34.851229
470	arbre	5544	2271	2.441215	204.604147	29.379043
471	autour de	5544	3182	1.742300	204.604147	41.164295
472	malheureux	5536	2885	1.918891	204.308903	37.322122
473	huit	5535	2961	1.869301	204.271997	38.305304
474	voyage	5526	2541	2.174734	203.939848	32.871928
475	mariage	5516	1733	3.182920	203.570793	22.419146
476	plutôt	5515	3502	1.574814	203.533887	45.304010
477	disparaître	5514	3176	1.736146	203.496982	41.086675
478	livre	5493	2098	2.618208	202.721966	27.141009
479	manger	5484	2173	2.523700	202.389816	28.111255
480	vingt	5482	2880	1.903472	202.316005	37.257439
481	oreille	5467	2854	1.915557	201.762423	36.921087
482	service	5460	2867	1.904430	201.504084	37.089263
483	peine	5458	3170	1.721767	201.430273	41.009056
484	soin	5440	2964	1.835358	200.765974	38.344114
485	accepter	5436	2726	1.994131	200.618352	35.265201
486	expliquer	5433	2761	1.967765	200.507635	35.717982
487	empêcher	5419	3175	1.706772	199.990958	41.073739
488	chevalier	5404	836	6.464115	199.437376	10.815006
489	traverser	5344	2982	1.792086	197.223045	38.576973
490	autant	5339	3063	1.743062	197.038517	39.624838
491	retirer	5329	3054	1.744925	196.669462	39.508409
492	lèvre	5324	2841	1.873988	196.484935	36.752911
493	demeurer	5321	3055	1.741735	196.374218	39.521345
494	demain	5320	2395	2.221294	196.337313	30.983182
495	état	5316	2762	1.924692	196.189691	35.730918
496	intérêt	5305	2625	2.020952	195.783730	33.958603
497	peur	5291	2550	2.074902	195.267053	32.988357
498	décider	5281	2982	1.770959	194.897998	38.576973
499	c'est-à-dire	5276	3084	1.710765	194.713470	39.896507
500	oser	5274	2864	1.841480	194.639659	37.050453
501	placer	5271	2912	1.810096	194.528943	37.671410
502	raconter	5270	2722	1.936076	194.492037	35.213454
503	épaule	5256	2864	1.835196	193.975360	37.050453
504	cas	5240	3112	1.683805	193.384872	40.258732
505	changer	5237	3012	1.738712	193.274155	38.965071
506	habitude	5236	3029	1.728623	193.237250	39.184994
507	toucher	5202	3052	1.704456	191.982463	39.482536
508	journée	5197	2768	1.877529	191.797935	35.808538
509	front	5167	2748	1.880277	190.690770	35.549806
510	apporter	5147	2786	1.847452	189.952659	36.041397
511	adresser	5135	2993	1.715670	189.509793	38.719276
512	calme	5131	2899	1.769921	189.362171	37.503234
513	pièce	5120	2055	2.491484	188.956211	26.584735
514	nommer	5114	2385	2.144235	188.734778	30.853816
515	manière	5086	2483	2.048329	187.701423	32.121604
516	passion	5085	1875	2.712000	187.664518	24.256145
517	simple	5062	3017	1.677826	186.815691	39.029754
518	lieu	5058	2913	1.736354	186.668069	37.684347
519	saisir	5057	2721	1.858508	186.631164	35.200517
520	relever	5052	3042	1.660750	186.446636	39.353169
521	monseigneur	5051	729	6.928669	186.409731	9.430789
522	assurer	5031	3119	1.613017	185.671620	40.349288
523	étonner	5016	2970	1.688889	185.118038	38.421734
524	sûr	5000	2991	1.671682	184.527550	38.693402
525	grâce	4996	2617	1.909056	184.379927	33.855110
526	éprouver	4994	2720	1.836029	184.306116	35.187581
527	garde	4992	2541	1.964581	184.232305	32.871928
528	au moment où	4991	2854	1.748774	184.195400	36.921087
529	atteindre	4984	2561	1.946115	183.937061	33.130660
530	soldat	4969	1670	2.975449	183.383479	21.604140
531	salon	4957	1540	3.218831	182.940613	19.922380
532	fleur	4943	1984	2.491431	182.423935	25.666235
533	danger	4916	2607	1.885692	181.427487	33.725744
534	défendre	4894	2694	1.816630	180.615565	34.851229
535	oncle	4892	1013	4.829220	180.541754	13.104787
536	douter	4877	3003	1.624043	179.988172	38.848642
537	vent	4863	2129	2.284171	179.471495	27.542044
538	au lieu de	4861	2928	1.660178	179.397684	37.878396
539	vue	4855	2945	1.648557	179.176251	38.098318
540	histoire	4854	2237	2.169870	179.139345	28.939198
541	étendre	4841	2894	1.672771	178.659573	37.438551
542	ennemi	4821	2229	2.162853	177.921463	28.835705
543	situation	4808	2486	1.934031	177.441692	32.160414
544	cause	4794	2555	1.876321	176.925014	33.053040
545	mon Dieu	4793	2137	2.242864	176.888109	27.645537
546	vite	4793	2841	1.687082	176.888109	36.752911
547	large	4782	2458	1.945484	176.482148	31.798189
548	au-dessus	4777	2657	1.797892	176.297621	34.372574
549	avancer	4757	2800	1.698929	175.559511	36.222510
550	joli	4756	2050	2.320000	175.522605	26.520052
551	plaire	4739	2608	1.817101	174.895211	33.738680
552	chef	4734	1878	2.520767	174.710684	24.294955
553	convenir	4732	2893	1.635672	174.636873	37.425614
554	deviner	4726	2470	1.913360	174.415440	31.953428
555	éloigner	4723	2928	1.613046	174.304723	37.878396
556	annoncer	4717	2663	1.771311	174.083290	34.450194
557	vif	4703	2731	1.722080	173.566613	35.329884
558	cheveu	4685	2273	2.061153	172.902314	29.404916
559	brave	4675	2735	1.709324	172.533259	35.381630
560	cardinal	4673	656	7.123476	172.459448	8.486417
561	accompagner	4654	2739	1.699160	171.758243	35.433376
562	produire	4654	2487	1.871331	171.758243	32.173351
563	ignorer	4650	2608	1.782975	171.610621	33.738680
564	malade	4638	1858	2.496233	171.167755	24.036223
565	dîner	4635	1713	2.705779	171.057038	22.160414
566	sire	4630	577	8.024263	170.872511	7.464424
567	amener	4627	2714	1.704864	170.761794	35.109961
568	façon	4626	2849	1.623728	170.724889	36.856404
569	inconnu	4587	2160	2.123611	169.285574	27.943079
570	achever	4580	2666	1.717929	169.027235	34.489004
571	désirer	4563	2647	1.723838	168.399842	34.243208
572	pleurer	4559	2014	2.263654	168.252220	26.054334
573	propre	4535	2613	1.735553	167.366487	33.803364
574	endroit	4532	2601	1.742407	167.255771	33.648124
575	chien	4501	1641	2.742840	166.111700	21.228978
576	afin de	4498	2406	1.869493	166.000984	31.125485
577	jurer	4498	2246	2.002671	166.000984	29.055627
578	observer	4497	2269	1.981930	165.964078	29.353169
579	officier	4497	1473	3.052953	165.964078	19.055627
580	attention	4494	2766	1.624729	165.853361	35.782665
581	jardin	4482	1760	2.546591	165.410495	22.768435
582	lumière	4479	2198	2.037762	165.299779	28.434670
583	briser	4478	2593	1.726957	165.262873	33.544631
584	revoir	4459	2458	1.814076	164.561669	31.798189
585	elle-même	4458	2401	1.856726	164.524763	31.060802
586	séparer	4450	2730	1.630037	164.229519	35.316947
587	bouche	4449	2647	1.680771	164.192614	34.243208
588	entier	4449	2586	1.720418	164.192614	33.454075
589	avouer	4441	2575	1.724660	163.897369	33.311772
590	tranquille	4429	2701	1.639763	163.454503	34.941785
591	chère	4414	1773	2.489566	162.900921	22.936611
592	reste	4410	2760	1.597826	162.753299	35.705045
593	pâle	4409	2516	1.752385	162.716393	32.548512
594	papier	4401	1732	2.540993	162.421149	22.406210
595	retenir	4400	2758	1.595359	162.384244	35.679172
596	diable	4379	2272	1.927377	161.609228	29.391979
597	appartenir	4376	2456	1.781759	161.498511	31.772316
598	gauche	4352	2291	1.899607	160.612779	29.637775
599	dès	4329	2435	1.777823	159.763952	31.500647
600	courage	4327	2386	1.813495	159.690141	30.866753
601	retour	4313	2520	1.711508	159.173464	32.600259
602	geste	4311	2144	2.010728	159.099653	27.736093
603	caractère	4305	2196	1.960383	158.878220	28.408797
604	part	4300	2705	1.589649	158.693693	34.993532
605	avant de	4294	2679	1.602837	158.472260	34.657180
606	remarquer	4294	2643	1.624669	158.472260	34.191462
607	rouge	4288	2072	2.069498	158.250826	26.804657
608	désir	4286	2262	1.894783	158.177015	29.262613
609	prononcer	4284	2709	1.581395	158.103204	35.045278
610	foi	4254	2375	1.791158	156.996039	30.724450
611	marche	4247	2363	1.797292	156.737701	30.569211
612	ombre	4230	2226	1.900270	156.110307	28.796895
613	époque	4205	2364	1.778765	155.187669	30.582147
614	au moins	4200	2772	1.515152	155.003142	35.860285
615	âge	4200	2143	1.959869	155.003142	27.723157
616	léger	4196	2387	1.757855	154.855520	30.879690
617	juger	4178	2447	1.707397	154.191220	31.655886
618	embrasser	4177	2188	1.909049	154.154315	28.305304
619	espèce	4177	2348	1.778961	154.154315	30.375162
620	escalier	4173	1863	2.239936	154.006693	24.100906
621	poser	4168	2419	1.723026	153.822165	31.293661
622	répliquer	4160	2117	1.965045	153.526921	27.386805
623	pierre	4157	1958	2.123085	153.416205	25.329884
624	animal	4152	1654	2.510278	153.231677	21.397154
625	triste	4146	2410	1.720332	153.010244	31.177232
626	serrer	4145	2424	1.709983	152.973339	31.358344
627	meilleur	4143	2610	1.587356	152.899528	33.764554
628	suffire	4133	2593	1.593907	152.530472	33.544631
629	travailler	4131	1913	2.159435	152.456661	24.747736
630	sans que	4113	2502	1.643885	151.792362	32.367400
631	hôtel	4101	1346	3.046805	151.349496	17.412678
632	former	4095	2337	1.752246	151.128063	30.232859
633	signe	4086	2489	1.641623	150.795913	32.199224
634	libre	4080	2406	1.695761	150.574480	31.125485
635	coin	4071	2019	2.016345	150.242331	26.119017
636	surprendre	4060	2352	1.726190	149.836370	30.426908
637	ensemble	4059	2480	1.636694	149.799465	32.082794
638	peuple	4052	1438	2.817803	149.541126	18.602846
639	arme	4049	2030	1.994581	149.430410	26.261320
640	voisin	4045	2086	1.939118	149.282788	26.985770
641	marier	4044	1533	2.637965	149.245882	19.831824
642	compte	4040	2459	1.642944	149.098260	31.811125
643	moindre	4023	2257	1.782455	148.470866	29.197930
644	colère	4010	2249	1.783015	147.991095	29.094437
645	baiser	4009	1935	2.071835	147.954189	25.032342
646	toutes	3989	2531	1.576057	147.216079	32.742561
647	ligne	3988	2116	1.884688	147.179173	27.373868
648	effet	3973	2227	1.784014	146.625591	28.809832
649	nécessaire	3958	2208	1.792572	146.072008	28.564036
650	étrange	3955	2402	1.646545	145.961292	31.073739
651	remonter	3954	2362	1.674005	145.924386	30.556274
652	appuyer	3946	2457	1.606024	145.629142	31.785252
653	découvrir	3943	2372	1.662310	145.518426	30.685640
654	sombre	3934	2409	1.633043	145.186276	31.164295
655	étranger	3934	2098	1.875119	145.186276	27.141009
656	avenir	3928	2062	1.904947	144.964843	26.675291
657	digne	3924	2352	1.668367	144.817221	30.426908
658	moitié	3913	2307	1.696142	144.411260	29.844761
659	diriger	3898	2411	1.616757	143.857678	31.190168
660	vieillard	3889	1059	3.672332	143.525528	13.699871
661	couvrir	3886	2486	1.563154	143.414811	32.160414
662	voyageur	3879	1392	2.786638	143.156473	18.007762
663	immense	3871	2110	1.834597	142.861229	27.296248
664	beaucoup de	3869	2017	1.918195	142.787418	26.093144
665	circonstance	3866	2390	1.617573	142.676701	30.918499
666	obtenir	3861	2091	1.846485	142.492174	27.050453
667	tout le monde	3861	2216	1.742329	142.492174	28.667529
668	réponse	3847	2317	1.660337	141.975497	29.974127
669	indiquer	3840	2461	1.560341	141.717158	31.836999
670	départ	3838	2269	1.691494	141.643347	29.353169
671	vivement	3838	2408	1.593854	141.643347	31.151358
672	salle	3810	1485	2.565657	140.609993	19.210867
673	naturel	3808	2292	1.661431	140.536182	29.650712
674	prisonnier	3800	1286	2.954899	140.240938	16.636481
675	médecin	3799	1264	3.005538	140.204032	16.351876
676	émotion	3792	2220	1.708108	139.945694	28.719276
677	mur	3790	1798	2.107898	139.871883	23.260026
678	veille	3781	2162	1.748844	139.539733	27.968952
679	genou	3770	2115	1.782506	139.133772	27.360931
680	existence	3766	2045	1.841565	138.986150	26.455369
681	noble	3755	1838	2.042982	138.580190	23.777490
682	grave	3754	2327	1.613236	138.543284	30.103493
683	effort	3750	2344	1.599829	138.395662	30.323415
684	charmant	3742	2021	1.851559	138.100418	26.144890
685	amitié	3731	1858	2.008073	137.694457	24.036223
686	navire	3730	1079	3.456905	137.657552	13.958603
687	juste	3729	2494	1.495188	137.620646	32.263907
688	conversation	3724	2083	1.787806	137.436119	26.946960
689	condition	3721	2237	1.663388	137.325402	28.939198
690	véritable	3720	2421	1.536555	137.288497	31.319534
691	engager	3719	2344	1.586604	137.251591	30.323415
692	intérieur	3717	2122	1.751649	137.177780	27.451488
693	demi	3715	2250	1.651111	137.103969	29.107374
694	saint	3709	1604	2.312344	136.882536	20.750323
695	au bout de	3696	2348	1.574106	136.402765	30.375162
696	aider	3690	2291	1.610650	136.181332	29.637775
697	vérité	3690	2017	1.829450	136.181332	26.093144
698	humain	3684	1988	1.853119	135.959898	25.717982
699	cousin	3677	885	4.154802	135.701560	11.448900
700	neuf	3676	2024	1.816206	135.664654	26.183700
701	campagne	3673	1884	1.949575	135.553938	24.372574
702	guerre	3664	1739	2.106958	135.221788	22.496766
703	occasion	3659	2357	1.552397	135.037261	30.491591
704	conseil	3658	1976	1.851215	135.000355	25.562743
705	élancer	3650	2192	1.665146	134.705111	28.357050
706	parmi	3644	2160	1.687037	134.483678	27.943079
707	cinquante	3636	1910	1.903665	134.188434	24.708926
708	tous deux	3631	2168	1.674815	134.003906	28.046572
709	éclairer	3626	2098	1.728313	133.819379	27.141009
710	saluer	3621	2058	1.759475	133.634851	26.623545
711	selon	3621	2196	1.648907	133.634851	28.408797
712	taire	3614	2076	1.740848	133.376513	26.856404
713	préparer	3609	2318	1.556946	133.191985	29.987063
714	difficile	3608	2354	1.532710	133.155080	30.452781
715	pardonner	3597	1909	1.884233	132.749119	24.695990
716	bête	3595	1594	2.255332	132.675308	20.620957
717	amant	3593	1448	2.481354	132.601497	18.732212
718	apparaître	3576	2423	1.475856	131.974103	31.345408
719	combien	3574	2057	1.737482	131.900292	26.610608
720	courant	3568	2103	1.696624	131.678859	27.205692
721	auquel	3550	2327	1.525569	131.014560	30.103493
722	couper	3530	2045	1.726161	130.276450	26.455369
723	inquiéter	3528	2366	1.491124	130.202639	30.608021
724	obéir	3526	2153	1.637715	130.128828	27.852523
725	boire	3517	1670	2.105988	129.796678	21.604140
726	adieu	3508	1728	2.030093	129.464529	22.354463
727	attacher	3506	2151	1.629940	129.390718	27.826649
728	debout	3506	1991	1.760924	129.390718	25.756792
729	poitrine	3505	2259	1.551571	129.353812	29.223803
730	pur	3503	1995	1.755890	129.280001	25.808538
731	moi-même	3492	2024	1.725296	128.874041	26.183700
732	scène	3485	1804	1.931818	128.615702	23.337646
733	armée	3481	1257	2.769292	128.468080	16.261320
734	vendre	3481	1418	2.454866	128.468080	18.344114
735	déclarer	3476	2001	1.737131	128.283552	25.886158
736	près	3474	2418	1.436725	128.209741	31.280724
737	brûler	3473	1984	1.750504	128.172836	25.666235
738	confiance	3473	2101	1.653022	128.172836	27.179819
739	parvenir	3472	2178	1.594123	128.135930	28.175938
740	passage	3469	2152	1.611989	128.025214	27.839586
741	environ	3460	1989	1.739568	127.693064	25.730918
742	quinze	3458	2008	1.722112	127.619253	25.976714
743	enlever	3453	2203	1.567408	127.434726	28.499353
744	forme	3451	1933	1.785308	127.360915	25.006468
745	livrer	3433	2053	1.672187	126.696615	26.558862
746	glisser	3432	2214	1.550136	126.659710	28.641656
747	sept	3432	1937	1.771812	126.659710	25.058215
748	résoudre	3423	2192	1.561588	126.327560	28.357050
749	à la fois	3423	2272	1.506602	126.327560	29.391979
750	volonté	3421	2038	1.678606	126.253749	26.364812
751	de nouveau	3410	2036	1.674853	125.847789	26.338939
752	bout	3409	1999	1.705353	125.810883	25.860285
753	foule	3408	1430	2.383217	125.773978	18.499353
754	cette fois ci	3407	2286	1.490376	125.737072	29.573092
755	liberté	3400	1863	1.825013	125.478734	24.100906
756	inutile	3396	2360	1.438983	125.331112	30.530401
757	au contraire	3393	2393	1.417885	125.220395	30.957309
758	jambe	3387	1893	1.789223	124.998962	24.489004
759	doigt	3385	1943	1.742151	124.925151	25.135834
760	lieue	3380	1731	1.952629	124.740623	22.393273
761	objet	3376	2031	1.662235	124.593001	26.274256
762	prévenir	3373	2150	1.568837	124.482285	27.813713
763	nombre	3371	2003	1.682976	124.408474	25.912031
764	projet	3364	1963	1.713704	124.150135	25.394567
765	promener	3364	2009	1.674465	124.150135	25.989651
766	soutenir	3363	2121	1.585573	124.113230	27.438551
767	pénétrer	3358	2225	1.509213	123.928702	28.783959
768	rejoindre	3358	2148	1.563315	123.928702	27.787840
769	parti	3353	1972	1.700304	123.744175	25.510996
770	plus tard	3337	2082	1.602786	123.153687	26.934023
771	duchesse	3336	520	6.415385	123.116781	6.727038
772	interrompre	3336	2112	1.579545	123.116781	27.322122
773	lancer	3335	2044	1.631605	123.079876	26.442432
774	facile	3330	2316	1.437824	122.895348	29.961190
775	rêve	3323	1811	1.834898	122.637009	23.428202
776	événement	3319	1920	1.728646	122.489387	24.838292
777	entraîner	3317	2201	1.507042	122.415576	28.473480
778	sujet	3315	2045	1.621027	122.341765	26.455369
779	exister	3304	1888	1.750000	121.935805	24.424321
780	montagne	3303	1477	2.236290	121.898899	19.107374
781	sérieux	3295	1926	1.710800	121.603655	24.915912
782	politique	3292	1382	2.382055	121.492939	17.878396
783	auprès de	3291	1810	1.818232	121.456033	23.415265
784	fixer	3289	2332	1.410377	121.382222	30.168176
785	arracher	3285	2123	1.547339	121.234600	27.464424
786	forêt	3277	1343	2.440060	120.939356	17.373868
787	gentilhomme	3274	1196	2.737458	120.828639	15.472186
788	intention	3273	2142	1.528011	120.791734	27.710220
789	loi	3268	1453	2.249140	120.607206	18.796895
790	merci	3265	2033	1.606001	120.496490	26.300129
791	conserver	3263	2115	1.542790	120.422679	27.360931
792	expression	3253	1784	1.823430	120.053624	23.078913
793	chanter	3252	1391	2.337886	120.016718	17.994825
794	cesser	3250	2083	1.560250	119.942907	26.946960
795	visite	3248	1868	1.738758	119.869096	24.165589
796	pendant que	3244	1924	1.686071	119.721474	24.890039
797	prix	3243	1750	1.853143	119.684569	22.639069
798	menacer	3242	2145	1.511422	119.647663	27.749030
799	fuir	3236	1934	1.673216	119.426230	25.019405
800	mesure	3235	2169	1.491471	119.389325	28.059508
801	établir	3220	1995	1.614035	118.835742	25.808538
802	acheter	3208	1493	2.148694	118.392876	19.314360
803	ramener	3204	2136	1.500000	118.245254	27.632600
804	contenir	3203	2087	1.534739	118.208348	26.998706
805	tort	3203	1929	1.660446	118.208348	24.954722
806	effrayer	3198	1947	1.642527	118.023821	25.187581
807	inquiétude	3195	2177	1.467616	117.913104	28.163001
808	posséder	3195	1779	1.795953	117.913104	23.014230
809	sol	3185	1514	2.103699	117.544049	19.586028
810	prouver	3181	2000	1.590500	117.396427	25.873221
811	épouser	3177	1339	2.372666	117.248805	17.322122
812	million	3168	1140	2.778947	116.916655	14.747736
813	signer	3164	1762	1.795687	116.769033	22.794308
814	vin	3161	1342	2.355440	116.658317	17.360931
815	avis	3156	2014	1.567031	116.473789	26.054334
816	bord	3156	1869	1.688604	116.473789	24.178525
817	village	3156	1400	2.254286	116.473789	18.111255
818	beauté	3155	1497	2.107548	116.436884	19.366106
819	à peu près	3151	2192	1.437500	116.289262	28.357050
820	rouler	3147	1898	1.658061	116.141640	24.553687
821	davantage	3144	2019	1.557207	116.030923	26.119017
822	habit	3133	1650	1.898788	115.624963	21.345408
823	prêtre	3129	938	3.335821	115.477340	12.134541
824	plaindre	3119	1880	1.659043	115.108285	24.320828
825	obliger	3112	1963	1.585329	114.849947	25.394567
826	crime	3104	1464	2.120219	114.554703	18.939198
827	mêler	3101	2056	1.508268	114.443986	26.597671
828	but	3099	2066	1.500000	114.370175	26.727038
829	ressembler	3091	1810	1.707735	114.074931	23.415265
830	fier	3090	1996	1.548096	114.038026	25.821475
831	présence	3086	2169	1.422775	113.890404	28.059508
832	l'une	3083	1977	1.559433	113.779687	25.575679
833	choisir	3076	2008	1.531873	113.521348	25.976714
834	côte	3073	1232	2.494318	113.410632	15.937904
835	hier	3073	1645	1.868085	113.410632	21.280724
836	suivant	3071	2049	1.498780	113.336821	26.507115
837	interroger	3069	2072	1.481178	113.263010	26.804657
838	sens	3066	1851	1.656402	113.152293	23.945666
839	parfaitement	3062	2078	1.473532	113.004671	26.882277
840	vu	3062	1990	1.538693	113.004671	25.743855
841	appartement	3059	1442	2.121359	112.893955	18.654592
842	accomplir	3057	2051	1.490492	112.820144	26.532988
843	parfois	3050	1922	1.586889	112.561805	24.864166
844	guère	3048	1949	1.563879	112.487994	25.213454
845	sauter	3046	1886	1.615058	112.414183	24.398448
846	dès que	3042	1859	1.636364	112.266561	24.049159
847	sonner	3038	1846	1.645720	112.118939	23.880983
848	réveiller	3036	1797	1.689482	112.045128	23.247089
849	employer	3035	1840	1.649457	112.008223	23.803364
850	position	3032	1792	1.691964	111.897506	23.182406
851	paysan	3028	1237	2.447858	111.749884	16.002587
852	société	3028	1370	2.210219	111.749884	17.723157
853	déjeuner	3016	1343	2.245719	111.307018	17.373868
854	public	3015	1428	2.111345	111.270112	18.473480
855	supérieur	3015	1750	1.722857	111.270112	22.639069
856	surprise	3012	1987	1.515853	111.159396	25.705045
857	épée	3011	1237	2.434115	111.122490	16.002587
858	certainement	3009	2142	1.404762	111.048679	27.710220
859	réussir	3009	1914	1.572100	111.048679	24.760673
860	robe	3007	1379	2.180566	110.974868	17.839586
861	semaine	3004	1698	1.769140	110.864152	21.966365
862	disposer	2995	2043	1.465981	110.532002	26.429495
863	ferme	2987	1622	1.841554	110.236758	20.983182
864	crainte	2979	1961	1.519123	109.941514	25.368693
865	conscience	2970	1692	1.755319	109.609364	21.888745
866	fer	2970	1690	1.757396	109.609364	21.862872
867	vaste	2970	1743	1.703959	109.609364	22.548512
868	rapide	2967	2047	1.449438	109.498648	26.481242
869	prêt	2948	2056	1.433852	108.797443	26.597671
870	poche	2938	1729	1.699248	108.428388	22.367400
871	artiste	2935	980	2.994898	108.317672	12.677878
872	distance	2931	1754	1.671038	108.170050	22.690815
873	excellent	2929	1919	1.526316	108.096238	24.825356
874	secouer	2929	2106	1.390788	108.096238	27.244502
875	franchir	2927	1868	1.566916	108.022427	24.165589
876	réunir	2926	1913	1.529535	107.985522	24.747736
877	doute	2924	2058	1.420797	107.911711	26.623545
878	cabinet	2913	1237	2.354891	107.505750	16.002587
879	puissance	2913	1651	1.764385	107.505750	21.358344
880	rayon	2912	1720	1.693023	107.468845	22.250970
881	couleur	2910	1636	1.778729	107.395034	21.164295
882	pont	2908	1247	2.331997	107.321223	16.131953
883	détail	2907	1892	1.536469	107.284317	24.476067
884	commander	2905	1839	1.579663	107.210506	23.790427
885	contenter	2905	2022	1.436696	107.210506	26.157827
886	somme	2905	1430	2.031469	107.210506	18.499353
887	horizon	2900	1628	1.781327	107.025979	21.060802
888	domestique	2898	1431	2.025157	106.952168	18.512290
889	mener	2892	1658	1.744270	106.730735	21.448900
890	hauteur	2891	1830	1.579781	106.693829	23.673997
891	espoir	2889	1854	1.558252	106.620018	23.984476
892	hasard	2881	1815	1.587328	106.324774	23.479948
893	chagrin	2877	1468	1.959809	106.177152	18.990944
894	troisième	2875	1833	1.568467	106.103341	23.712807
895	faute	2874	1608	1.787313	106.066435	20.802070
896	colonel	2865	577	4.965338	105.734286	7.464424
897	énorme	2865	1648	1.738471	105.734286	21.319534
898	la première fois	2862	1921	1.489849	105.623569	24.851229
899	espérance	2861	1661	1.722456	105.586664	21.487710
900	chapeau	2858	1536	1.860677	105.475947	19.870634
901	presser	2858	2019	1.415552	105.475947	26.119017
902	éclater	2858	1885	1.516180	105.475947	24.385511
903	trente	2857	1662	1.719013	105.439042	21.500647
904	connaissance	2853	1912	1.492155	105.291420	24.734799
905	baisser	2847	1885	1.510345	105.069987	24.385511
906	réfléchir	2847	1885	1.510345	105.069987	24.385511
907	action	2844	1649	1.724682	104.959270	21.332471
908	bleu	2842	1466	1.938608	104.885459	18.965071
909	chaise	2842	1400	2.030000	104.885459	18.111255
910	examiner	2841	1684	1.687055	104.848554	21.785252
911	troubler	2841	1957	1.451712	104.848554	25.316947
912	vraiment	2836	1876	1.511727	104.664026	24.269082
913	accuser	2834	1646	1.721750	104.590215	21.293661
914	faible	2833	1818	1.558306	104.553310	23.518758
915	hésiter	2830	2030	1.394089	104.442593	26.261320
916	poste	2829	1559	1.814625	104.405688	20.168176
917	lieutenant	2823	775	3.642581	104.184254	10.025873
918	remercier	2813	1878	1.497870	103.815199	24.294955
919	tenter	2813	1955	1.438875	103.815199	25.291074
920	sommeil	2811	1626	1.728782	103.741388	21.034929
921	frais	2806	1839	1.525829	103.556861	23.790427
922	troupe	2804	1292	2.170279	103.483050	16.714101
923	absolument	2800	1965	1.424936	103.335428	25.420440
924	rapprocher	2797	2043	1.369065	103.224711	26.429495
925	douze	2789	1660	1.680120	102.929467	21.474774
926	trembler	2789	1765	1.580170	102.929467	22.833118
927	soulever	2788	1879	1.483768	102.892562	24.307891
928	camarade	2784	1228	2.267101	102.744940	15.886158
929	peu à peu	2783	1882	1.478746	102.708034	24.346701
930	jeu	2782	1396	1.992837	102.671129	18.059508
931	direction	2781	1645	1.690578	102.634223	21.280724
932	preuve	2781	1703	1.633001	102.634223	22.031048
933	désespoir	2779	1654	1.680169	102.560412	21.397154
934	blesser	2776	1718	1.615832	102.449695	22.225097
935	double	2776	1912	1.451883	102.449695	24.734799
936	personnage	2773	1524	1.819554	102.338979	19.715395
937	naître	2769	1732	1.598730	102.191357	22.406210
938	attirer	2765	1922	1.438606	102.043735	24.864166
939	cours	2758	1617	1.705628	101.785396	20.918499
940	dehors	2755	1759	1.566231	101.674680	22.755498
941	quelqu'un	2748	1812	1.516556	101.416341	23.441138
942	cou	2745	1666	1.647659	101.305625	21.552393
943	rêver	2745	1615	1.699690	101.305625	20.892626
944	église	2744	1158	2.369603	101.268719	14.980595
945	magnifique	2740	1630	1.680982	101.121097	21.086675
946	rapporter	2737	1908	1.434486	101.010381	24.683053
947	arrivée	2732	1798	1.519466	100.825853	23.260026
948	dieu	2732	1748	1.562929	100.825853	22.613195
949	poursuivre	2722	1893	1.437929	100.456798	24.489004
950	droite	2711	1671	1.622382	100.050837	21.617076
951	traiter	2711	1673	1.620442	100.050837	21.642950
952	entourer	2707	1897	1.426990	99.903215	24.540750
953	fatigue	2702	1777	1.520540	99.718688	22.988357
954	à présent	2696	1606	1.678705	99.497255	20.776197
955	accorder	2692	1754	1.534778	99.349633	22.690815
956	amoureux	2692	1350	1.994074	99.349633	17.464424
957	ensuite	2690	1826	1.473165	99.275822	23.622251
958	langue	2685	1631	1.646229	99.091294	21.099612
959	remplir	2683	1813	1.479868	99.017483	23.454075
960	incliner	2681	1755	1.527635	98.943672	22.703752
961	intelligence	2681	1512	1.773148	98.943672	19.560155
962	agiter	2657	1771	1.500282	98.057940	22.910737
963	seigneur	2652	970	2.734021	97.873412	12.548512
964	œuvre	2650	1403	1.888810	97.799601	18.150065
965	curieux	2646	1679	1.575938	97.651979	21.720569
966	précipiter	2643	1805	1.464266	97.541263	23.350582
967	province	2642	1209	2.185277	97.504357	15.640362
968	rose	2638	1265	2.085375	97.356735	16.364812
969	billet	2629	958	2.744259	97.024586	12.393273
970	imaginer	2629	1721	1.527600	97.024586	22.263907
971	clair	2626	1641	1.600244	96.913869	21.228978
972	jeunesse	2620	1524	1.719160	96.692436	19.715395
973	pain	2620	1140	2.298246	96.692436	14.747736
974	faux	2610	1534	1.701434	96.323381	19.844761
975	taille	2609	1640	1.590854	96.286475	21.216041
976	respect	2600	1670	1.556886	95.954326	21.604140
977	ceci	2592	1591	1.629164	95.659082	20.582147
978	curiosité	2589	1562	1.657490	95.548365	20.206986
979	veiller	2585	1713	1.509048	95.400743	22.160414
980	prétendre	2583	1698	1.521201	95.326932	21.966365
981	pardon	2581	1654	1.560459	95.253121	21.397154
982	profiter	2574	1861	1.383127	94.994782	24.075032
983	bâtiment	2572	1111	2.315032	94.920971	14.372574
984	rôle	2570	1405	1.829181	94.847160	18.175938
985	théâtre	2560	1075	2.381395	94.478105	13.906856
986	confier	2559	1628	1.571867	94.441200	21.060802
987	verre	2559	1136	2.252641	94.441200	14.695990
988	chasser	2555	1667	1.532693	94.293578	21.565330
989	royal	2555	1289	1.982157	94.293578	16.675291
990	disposition	2554	1807	1.413392	94.256672	23.376455
991	partout	2552	1641	1.555149	94.182861	21.228978
992	habiter	2551	1724	1.479698	94.145956	22.302717
993	degré	2550	1465	1.740614	94.109050	18.952135
994	céder	2548	1695	1.503245	94.035239	21.927555
995	voile	2546	1315	1.936122	93.961428	17.011643
996	autrefois	2545	1602	1.588639	93.924523	20.724450
997	semblable	2544	1407	1.808102	93.887617	18.201811
998	équipage	2538	931	2.726101	93.666184	12.043984
999	retomber	2537	1810	1.401657	93.629279	23.415265
1000	rive	2536	955	2.655497	93.592373	12.354463
