scorer	DF	CF	TF	subTF	TF-IDF	subTF-IDF	BTF-IDF	TF-ICF	BM25	G²	TXM	HGT	χ²	z-score	t-score	MI	MI³	MI.log-f	logDice	LogRatio	SimpleMaths	MinSens	BM25(k₁=100,b=1)	χ²α(0)	χ²α(0.05)	χ²α(0.15)	χ²α(0.25)	χ²α(0.35)	χ²α(0.43)	χ²α(0.5)	χ²α(0.75)	χ²α(1)	χ²α(16)	χ²α(2)	χ²α(4)	χ²α(8)	 EXTF	G²α(0)	G²α(0.25)	G²α(0.5)	G²α(0.75)	G²α(1)	G²α(1.4)	G²α(1.7)	G²α(16)	G²α(2)	G²α(4)	G²α(8)	HGTα(0)	HGTα(0.25)	HGTα(0.5)	HGTα(0.75)	HGTα(1)	HGTα(1.47)	HGTα(16)	HGTα(2)	HGTα(4)	HGTα(8)	SimpleMaths(1)	subTF-IDFα(0)	subTF-IDFα(0.05)	subTF-IDFα(0.1)	subTF-IDFα(0.15)	subTF-IDFα(0.2)	subTF-IDFα(0.25)	subTF-IDFα(0.56)	subTF-IDFα(0.75)	subTF-IDFα(1)	subTF-IDFα(16)	subTF-IDFα(2)	subTF-IDFα(4)	subTF-IDFα(8)	TF-IDFα(0)	TF-IDFα(0.25)	TF-IDFα(0.5)	TF-IDFα(0.75)	TF-IDFα(1.14)	TF-IDFα(1.5)	TF-IDFα(16)	TF-IDFα(2)	TF-IDFα(4)	TF-IDFα(8)
DF	0.000000	0.217074	0.635913	0.635913	0.999923	1.000000	1.000000	0.777917	1.000000	0.992706	0.993672	0.993672	0.999923	0.999923	0.964155	1.000000	0.963446	0.999337	0.973776	1.000000	0.999743	0.962546	0.999967	0.635913	0.791077	0.875719	0.933822	0.970156	0.986197	0.993608	0.999490	0.999923	1.000000	0.999997	0.999999	1.000000	1.000000	0.635913	0.868596	0.950288	0.981115	0.992706	0.997249	0.997797	0.997678	0.997853	0.997836	0.997689	0.635913	0.853979	0.941790	0.979523	0.993672	0.999348	1.000000	0.999894	0.999999	1.000000	1.000000	0.635913	0.841881	0.951910	0.987611	0.995807	0.998268	0.999991	0.999999	1.000000	1.000000	1.000000	1.000000	1.000000	0.635913	0.909780	0.992620	0.999255	0.999974	0.999997	1.000000	1.000000	1.000000	1.000000
CF	0.217074	0.000000	0.595298	0.595298	0.990529	0.999931	1.000000	0.746409	0.999999	0.981800	0.982500	0.982500	0.999153	0.999153	0.944663	0.999999	0.950798	0.995019	0.961260	0.999999	0.997495	0.949672	0.992425	0.595298	0.757562	0.849059	0.912674	0.954348	0.974436	0.984796	0.996824	0.999153	0.999999	0.999963	0.999995	0.999998	1.000000	0.595298	0.842618	0.931045	0.966560	0.981800	0.990464	0.993129	0.995882	0.994616	0.996199	0.995960	0.595298	0.826178	0.921150	0.964120	0.982500	0.993915	1.000000	0.998031	0.999967	0.999999	0.999999	0.595298	0.806595	0.921176	0.961710	0.975152	0.982181	0.998246	0.999685	0.999931	1.000000	0.999999	1.000000	1.000000	0.595298	0.876717	0.969223	0.984050	0.993277	0.998384	1.000000	0.999836	0.999999	1.000000
TF	0.635913	0.595298	0.000000	0.000000	0.740545	0.907388	0.997447	0.247540	0.963376	0.671682	0.662323	0.662323	0.915682	0.915682	0.487007	0.989916	0.702228	0.772125	0.595643	0.989437	0.745598	0.537965	0.757315	0.000000	0.215206	0.373683	0.509776	0.625781	0.701393	0.753967	0.866199	0.915682	0.988125	0.966869	0.981166	0.986137	0.999782	0.000000	0.353574	0.511654	0.606385	0.671682	0.746190	0.787472	0.980988	0.820689	0.924792	0.967054	0.000000	0.323033	0.486403	0.591091	0.662323	0.754913	0.988419	0.823563	0.933454	0.976032	0.976851	0.000000	0.302209	0.469955	0.561858	0.620628	0.664579	0.817845	0.865626	0.907388	0.996402	0.967770	0.988736	0.994425	0.000000	0.410712	0.592176	0.678692	0.769326	0.828282	0.994479	0.883040	0.964401	0.988548
subTF	0.635913	0.595298	0.000000	0.000000	0.740545	0.907388	0.997447	0.247540	0.963376	0.671682	0.662323	0.662323	0.915682	0.915682	0.487007	0.989916	0.702228	0.772125	0.595643	0.989437	0.745598	0.537965	0.757315	0.000000	0.215206	0.373683	0.509776	0.625781	0.701393	0.753967	0.866199	0.915682	0.988125	0.966869	0.981166	0.986137	0.999782	0.000000	0.353574	0.511654	0.606385	0.671682	0.746190	0.787472	0.980988	0.820689	0.924792	0.967054	0.000000	0.323033	0.486403	0.591091	0.662323	0.754913	0.988419	0.823563	0.933454	0.976032	0.976851	0.000000	0.302209	0.469955	0.561858	0.620628	0.664579	0.817845	0.865626	0.907388	0.996402	0.967770	0.988736	0.994425	0.000000	0.410712	0.592176	0.678692	0.769326	0.828282	0.994479	0.883040	0.964401	0.988548
TF-IDF	0.999923	0.990529	0.740545	0.740545	0.000000	0.416972	0.886278	0.578163	0.636236	0.186853	0.201597	0.201597	0.624391	0.624391	0.488994	0.846565	0.320744	0.182767	0.406385	0.839608	0.278699	0.577047	0.034257	0.740545	0.634974	0.490458	0.335016	0.242053	0.259043	0.309741	0.506647	0.624391	0.841067	0.764257	0.813949	0.832968	0.955436	0.740545	0.539152	0.395911	0.277493	0.186853	0.190250	0.260750	0.815817	0.337703	0.632354	0.767087	0.740545	0.558983	0.419999	0.300782	0.201597	0.181691	0.843818	0.323502	0.646835	0.793406	0.749738	0.740545	0.574284	0.457652	0.368537	0.291866	0.224417	0.190277	0.278691	0.416972	0.878669	0.694147	0.819953	0.862763	0.740545	0.494768	0.315132	0.159762	0.086469	0.260512	0.869705	0.433535	0.727115	0.836800
subTF-IDF	1.000000	0.999931	0.907388	0.907388	0.416972	0.000000	0.707194	0.813817	0.308501	0.509397	0.535011	0.535011	0.423844	0.423844	0.782919	0.659089	0.368730	0.349170	0.713618	0.641640	0.594970	0.826212	0.400272	0.907388	0.851948	0.757359	0.630729	0.476680	0.380510	0.337926	0.348178	0.423844	0.653287	0.558938	0.620049	0.643353	0.836310	0.907388	0.801336	0.705977	0.610122	0.509397	0.359810	0.296760	0.625331	0.278218	0.417915	0.565816	0.907388	0.813443	0.724111	0.632037	0.535011	0.348645	0.654749	0.251204	0.412085	0.586294	0.486793	0.907388	0.827736	0.762818	0.707203	0.655647	0.607271	0.342541	0.192733	0.000000	0.697938	0.414787	0.606218	0.674787	0.907388	0.779794	0.661526	0.543268	0.346093	0.198504	0.686632	0.189608	0.483914	0.640687
BTF-IDF	1.000000	1.000000	0.997447	0.997447	0.886278	0.707194	0.000000	0.990120	0.452644	0.909161	0.930326	0.930326	0.333765	0.333765	0.989945	0.073912	0.710565	0.852121	0.983157	0.101102	0.969561	0.994294	0.884616	0.997447	0.993681	0.981050	0.942336	0.854703	0.762115	0.681911	0.466974	0.333765	0.078626	0.170338	0.108799	0.087280	0.235920	0.997447	0.990151	0.977388	0.953169	0.909161	0.807369	0.726465	0.121498	0.649774	0.338183	0.177549	0.997447	0.991456	0.981260	0.963472	0.930326	0.820820	0.081183	0.678900	0.335399	0.148683	0.279643	0.997447	0.993523	0.989309	0.983779	0.977297	0.970324	0.905962	0.830960	0.707194	0.009649	0.332048	0.117565	0.034688	0.997447	0.989052	0.972458	0.940588	0.848195	0.735964	0.021397	0.586264	0.240276	0.070667
TF-ICF	0.777917	0.746409	0.247540	0.247540	0.578163	0.813817	0.990120	0.000000	0.910726	0.485259	0.471289	0.471289	0.851256	0.851256	0.273935	0.973887	0.566075	0.618834	0.387331	0.972489	0.560869	0.404374	0.599084	0.247540	0.125057	0.144202	0.304137	0.449868	0.549018	0.620063	0.777683	0.851256	0.970761	0.932481	0.957723	0.966968	0.998426	0.247540	0.136079	0.291018	0.401309	0.485259	0.588242	0.647905	0.957509	0.696898	0.860052	0.932427	0.247540	0.105240	0.260567	0.381357	0.471289	0.598568	0.971373	0.698886	0.872700	0.947623	0.942353	0.247540	0.124713	0.256544	0.351603	0.418997	0.472196	0.676776	0.748338	0.813817	0.987499	0.923272	0.968845	0.982654	0.247540	0.197314	0.385887	0.494057	0.618321	0.702656	0.983483	0.786118	0.922594	0.970576
BM25	1.000000	0.999999	0.963376	0.963376	0.636236	0.308501	0.452644	0.910726	0.000000	0.694851	0.720079	0.720079	0.263397	0.263397	0.897907	0.411531	0.465896	0.565684	0.865180	0.390900	0.789432	0.927592	0.626565	0.963376	0.933609	0.873215	0.778133	0.638859	0.518310	0.428306	0.273057	0.263397	0.406162	0.325431	0.375441	0.396818	0.640871	0.963376	0.905544	0.845800	0.777079	0.694851	0.550328	0.453776	0.380763	0.377104	0.261895	0.332784	0.963376	0.912631	0.857663	0.794759	0.720079	0.552254	0.406861	0.380174	0.232709	0.341415	0.231414	0.963376	0.922778	0.885685	0.851980	0.818991	0.787292	0.595223	0.471568	0.308501	0.443150	0.143147	0.343327	0.418754	0.963376	0.895451	0.821309	0.737484	0.575392	0.418228	0.431598	0.239589	0.228090	0.383526
G²	0.992706	0.981800	0.671682	0.671682	0.186853	0.509397	0.909161	0.485259	0.694851	0.000000	0.035726	0.035726	0.661104	0.661104	0.377244	0.871333	0.311157	0.209163	0.304299	0.865582	0.227593	0.491719	0.207076	0.671682	0.549265	0.387804	0.215474	0.152159	0.223564	0.311479	0.544356	0.661104	0.866073	0.794308	0.840726	0.858498	0.959905	0.671682	0.436436	0.273656	0.136916	0.000000	0.189167	0.296261	0.841516	0.383275	0.669690	0.796141	0.671682	0.460582	0.302408	0.165670	0.035726	0.197097	0.868807	0.375087	0.686005	0.822451	0.786229	0.671682	0.485442	0.363596	0.285270	0.236121	0.210462	0.306984	0.394970	0.509397	0.902192	0.742642	0.851160	0.888294	0.671682	0.400870	0.233834	0.161082	0.233165	0.363863	0.894021	0.509523	0.766969	0.864720
TXM	0.993672	0.982500	0.662323	0.662323	0.201597	0.535011	0.930326	0.471289	0.720079	0.035726	0.000000	0.000000	0.685114	0.685114	0.355515	0.893311	0.334076	0.236316	0.284336	0.887878	0.212593	0.476933	0.220816	0.662323	0.535469	0.371059	0.202989	0.166578	0.246260	0.336294	0.569137	0.685114	0.888081	0.817266	0.863057	0.880597	0.974832	0.662323	0.420265	0.252762	0.112097	0.035726	0.218470	0.324591	0.864531	0.411006	0.694761	0.819837	0.662323	0.444234	0.281272	0.139654	0.000000	0.224649	0.890744	0.401906	0.710446	0.845285	0.810475	0.662323	0.470571	0.344846	0.264470	0.215649	0.191947	0.311841	0.417571	0.535011	0.923510	0.767219	0.873976	0.910007	0.662323	0.382988	0.212106	0.149147	0.255680	0.389586	0.915464	0.535327	0.790653	0.886800
HGT	0.993672	0.982500	0.662323	0.662323	0.201597	0.535011	0.930326	0.471289	0.720079	0.035726	0.000000	0.000000	0.685114	0.685114	0.355515	0.893311	0.334076	0.236316	0.284336	0.887878	0.212593	0.476933	0.220816	0.662323	0.535469	0.371059	0.202989	0.166578	0.246260	0.336294	0.569137	0.685114	0.888081	0.817266	0.863057	0.880597	0.974832	0.662323	0.420265	0.252762	0.112097	0.035726	0.218470	0.324591	0.864531	0.411006	0.694761	0.819837	0.662323	0.444234	0.281272	0.139654	0.000000	0.224649	0.890744	0.401906	0.710446	0.845285	0.810475	0.662323	0.470571	0.344846	0.264470	0.215649	0.191947	0.311841	0.417571	0.535011	0.923510	0.767219	0.873976	0.910007	0.662323	0.382988	0.212106	0.149147	0.255680	0.389586	0.915464	0.535327	0.790653	0.886800
χ²	0.999923	0.999153	0.915682	0.915682	0.624391	0.423844	0.333765	0.851256	0.263397	0.661104	0.685114	0.685114	0.000000	0.000000	0.839059	0.280041	0.430926	0.560895	0.809643	0.260522	0.744029	0.869147	0.618251	0.915682	0.877194	0.814189	0.726983	0.601442	0.487824	0.393797	0.151161	0.000000	0.274273	0.178338	0.241400	0.264632	0.430632	0.915682	0.845895	0.789387	0.731065	0.661104	0.531601	0.437706	0.246090	0.351768	0.065227	0.186588	0.915682	0.852982	0.799816	0.746332	0.685114	0.540612	0.275675	0.376782	0.084954	0.204610	0.200654	0.915682	0.862518	0.825597	0.795803	0.768962	0.744802	0.619461	0.537917	0.423844	0.324998	0.190451	0.242175	0.303460	0.915682	0.836208	0.771514	0.704955	0.575546	0.448300	0.314156	0.302555	0.163892	0.271836
z-score	0.999923	0.999153	0.915682	0.915682	0.624391	0.423844	0.333765	0.851256	0.263397	0.661104	0.685114	0.685114	0.000000	0.000000	0.839059	0.280041	0.430926	0.560895	0.809643	0.260522	0.744029	0.869147	0.618251	0.915682	0.877194	0.814189	0.726983	0.601442	0.487824	0.393797	0.151161	0.000000	0.274273	0.178338	0.241400	0.264632	0.430632	0.915682	0.845895	0.789387	0.731065	0.661104	0.531601	0.437706	0.246090	0.351768	0.065227	0.186588	0.915682	0.852982	0.799816	0.746332	0.685114	0.540612	0.275675	0.376782	0.084954	0.204610	0.200654	0.915682	0.862518	0.825597	0.795803	0.768962	0.744802	0.619461	0.537917	0.423844	0.324998	0.190451	0.242175	0.303460	0.915682	0.836208	0.771514	0.704955	0.575546	0.448300	0.314156	0.302555	0.163892	0.271836
t-score	0.964155	0.944663	0.487007	0.487007	0.488994	0.782919	0.989945	0.273935	0.897907	0.377244	0.355515	0.355515	0.839059	0.839059	0.000000	0.972556	0.540012	0.547126	0.256014	0.971178	0.433352	0.324879	0.512715	0.487007	0.312164	0.193390	0.231746	0.367963	0.483477	0.569225	0.755177	0.839059	0.969241	0.928414	0.955427	0.965228	0.998760	0.487007	0.162801	0.135357	0.262888	0.377244	0.517558	0.596187	0.955746	0.658563	0.851675	0.929770	0.487007	0.193684	0.120743	0.233976	0.355515	0.528847	0.970809	0.659254	0.866109	0.946515	0.940389	0.487007	0.230859	0.156429	0.198741	0.268173	0.334042	0.604093	0.698394	0.782919	0.987153	0.917315	0.967733	0.982156	0.487007	0.161492	0.241286	0.376064	0.542359	0.653313	0.983158	0.758663	0.918512	0.969881
MI	1.000000	0.999999	0.989916	0.989916	0.846565	0.659089	0.073912	0.973887	0.411531	0.871333	0.893311	0.893311	0.280041	0.280041	0.972556	0.000000	0.665484	0.807212	0.960348	0.027319	0.939339	0.980761	0.844218	0.989916	0.980975	0.959657	0.910871	0.815120	0.718427	0.635908	0.415962	0.280041	0.006163	0.109060	0.041817	0.016704	0.235920	0.989916	0.973562	0.952628	0.921031	0.871333	0.764151	0.680860	0.055989	0.602649	0.284958	0.117406	0.989916	0.975961	0.958190	0.932719	0.893311	0.776815	0.021609	0.631082	0.279539	0.082581	0.216376	0.989916	0.979939	0.971100	0.961573	0.951318	0.940853	0.861735	0.783690	0.659089	0.067269	0.293349	0.103839	0.061472	0.989916	0.971310	0.945435	0.906144	0.806366	0.691700	0.064275	0.542280	0.210265	0.072194
MI³	0.963446	0.950798	0.702228	0.702228	0.320744	0.368730	0.710565	0.566075	0.465896	0.311157	0.334076	0.334076	0.430926	0.430926	0.540012	0.665484	0.000000	0.257637	0.499123	0.654882	0.456238	0.621848	0.326810	0.702228	0.618362	0.500396	0.369385	0.218655	0.100781	0.063375	0.305391	0.430926	0.660026	0.577986	0.631569	0.651718	0.790124	0.702228	0.545413	0.454107	0.382588	0.311157	0.206738	0.166251	0.633025	0.171363	0.436831	0.580817	0.702228	0.558277	0.466172	0.397904	0.334076	0.222517	0.661675	0.189658	0.444964	0.603458	0.546138	0.702228	0.574400	0.515720	0.481750	0.451357	0.428820	0.389560	0.377952	0.368730	0.702472	0.506698	0.634377	0.683869	0.702228	0.523048	0.446507	0.380099	0.295968	0.262271	0.692639	0.295390	0.537473	0.656011
MI.log-f	0.999337	0.995019	0.772125	0.772125	0.182767	0.349170	0.852121	0.618834	0.565684	0.209163	0.236316	0.236316	0.560895	0.560895	0.547126	0.807212	0.257637	0.000000	0.449382	0.797377	0.296097	0.616786	0.179698	0.772125	0.675367	0.537267	0.377388	0.230672	0.204644	0.236490	0.431698	0.560895	0.801567	0.715097	0.771386	0.792600	0.928637	0.772125	0.588019	0.450071	0.328067	0.209163	0.107211	0.156478	0.774136	0.237344	0.569463	0.720253	0.772125	0.606795	0.474190	0.353031	0.236316	0.079057	0.803844	0.213808	0.579322	0.745749	0.683544	0.772125	0.629282	0.527972	0.451211	0.387295	0.333351	0.205436	0.241590	0.349170	0.843889	0.633613	0.775318	0.825613	0.772125	0.557761	0.401504	0.274878	0.162806	0.226162	0.834088	0.370180	0.673711	0.796790
logDice	0.973776	0.961260	0.595643	0.595643	0.406385	0.713618	0.983157	0.387331	0.865180	0.304299	0.284336	0.284336	0.809643	0.809643	0.256014	0.960348	0.499123	0.449382	0.000000	0.959015	0.274877	0.289322	0.423939	0.595643	0.446239	0.306385	0.277697	0.353167	0.444699	0.522560	0.716914	0.809643	0.956555	0.909668	0.940430	0.951803	0.997941	0.595643	0.325644	0.224890	0.237667	0.304299	0.431440	0.515417	0.939551	0.585941	0.813802	0.907815	0.595643	0.350473	0.233345	0.225043	0.284336	0.439596	0.959022	0.585263	0.832296	0.929483	0.918741	0.595643	0.386455	0.272023	0.231868	0.238035	0.265207	0.501363	0.609803	0.713618	0.979179	0.886797	0.953220	0.972474	0.595643	0.295059	0.226777	0.306892	0.458662	0.576605	0.974345	0.699584	0.894524	0.957682
LogRatio	1.000000	0.999999	0.989437	0.989437	0.839608	0.641640	0.101102	0.972489	0.390900	0.865582	0.887878	0.887878	0.260522	0.260522	0.971178	0.027319	0.654882	0.797377	0.959015	0.000000	0.935752	0.980061	0.836969	0.989437	0.980027	0.957435	0.906416	0.807892	0.709110	0.624609	0.399503	0.260522	0.031140	0.107881	0.052810	0.036368	0.281570	0.989437	0.972110	0.950067	0.917003	0.865582	0.755515	0.670328	0.071007	0.590313	0.268264	0.119611	0.989437	0.974584	0.955797	0.928922	0.887878	0.768040	0.030808	0.618754	0.259406	0.065250	0.193403	0.989437	0.978658	0.969064	0.958697	0.947507	0.936217	0.851021	0.769738	0.641640	0.094448	0.269900	0.080320	0.080717	0.989437	0.969738	0.942524	0.901383	0.798033	0.680518	0.087250	0.527298	0.188039	0.076295
SimpleMaths	0.999743	0.997495	0.745598	0.745598	0.278699	0.594970	0.969561	0.560869	0.789432	0.227593	0.212593	0.212593	0.744029	0.744029	0.433352	0.939339	0.456238	0.296097	0.274877	0.935752	0.000000	0.507512	0.284840	0.745598	0.624367	0.465106	0.351690	0.340629	0.388036	0.445484	0.634592	0.744029	0.934427	0.870487	0.912110	0.927784	0.993808	0.745598	0.509287	0.336437	0.237413	0.227593	0.311157	0.394491	0.913714	0.473707	0.755174	0.873693	0.745598	0.534657	0.365464	0.245456	0.212593	0.308203	0.937194	0.464103	0.771927	0.897754	0.874007	0.745598	0.564263	0.428063	0.326945	0.253637	0.209513	0.335678	0.462859	0.594970	0.964181	0.832624	0.926052	0.954198	0.745598	0.469542	0.274410	0.221209	0.326083	0.449685	0.957422	0.596362	0.849134	0.934231
MinSens	0.962546	0.949672	0.537965	0.537965	0.577047	0.826212	0.994294	0.404374	0.927592	0.491719	0.476933	0.476933	0.869147	0.869147	0.324879	0.980761	0.621848	0.616786	0.289322	0.980061	0.507512	0.000000	0.594294	0.537965	0.419719	0.380589	0.420238	0.506734	0.584126	0.645973	0.797322	0.869147	0.978065	0.945175	0.967164	0.974953	0.999520	0.537965	0.363505	0.368359	0.423915	0.491719	0.592709	0.655108	0.966522	0.707045	0.875484	0.944114	0.537965	0.372167	0.360834	0.409315	0.476933	0.601965	0.979087	0.709270	0.889625	0.959079	0.956374	0.537965	0.382997	0.342059	0.363292	0.405569	0.450588	0.668640	0.751916	0.826212	0.992161	0.937787	0.977671	0.988482	0.537965	0.348026	0.393019	0.490499	0.618686	0.708143	0.988986	0.799090	0.936538	0.978602
BM25(k₁=100,b=1)	0.999967	0.992425	0.757315	0.757315	0.034257	0.400272	0.884616	0.599084	0.626565	0.207076	0.220816	0.220816	0.618251	0.618251	0.512715	0.844218	0.326810	0.179698	0.423939	0.836969	0.284840	0.594294	0.000000	0.757315	0.655083	0.512986	0.357926	0.261052	0.269517	0.313087	0.500418	0.618251	0.838696	0.760251	0.811007	0.830429	0.957142	0.757315	0.561791	0.419840	0.300321	0.207076	0.196965	0.258346	0.812944	0.330793	0.625568	0.763313	0.757315	0.581188	0.443907	0.323888	0.220816	0.185272	0.841383	0.315151	0.639694	0.789760	0.743411	0.757315	0.596958	0.482678	0.394627	0.318331	0.249599	0.167836	0.257446	0.400272	0.876898	0.686828	0.816634	0.860614	0.757315	0.518866	0.341068	0.186063	0.066203	0.242193	0.867764	0.419895	0.721615	0.834089
χ²α(0)	0.635913	0.595298	0.000000	0.000000	0.740545	0.907388	0.997447	0.247540	0.963376	0.671682	0.662323	0.662323	0.915682	0.915682	0.487007	0.989916	0.702228	0.772125	0.595643	0.989437	0.745598	0.537965	0.757315	0.000000	0.215206	0.373683	0.509776	0.625781	0.701393	0.753967	0.866199	0.915682	0.988125	0.966869	0.981166	0.986137	0.999782	0.000000	0.353574	0.511654	0.606385	0.671682	0.746190	0.787472	0.980988	0.820689	0.924792	0.967054	0.000000	0.323033	0.486403	0.591091	0.662323	0.754913	0.988419	0.823563	0.933454	0.976032	0.976851	0.000000	0.302209	0.469955	0.561858	0.620628	0.664579	0.817845	0.865626	0.907388	0.996402	0.967770	0.988736	0.994425	0.000000	0.410712	0.592176	0.678692	0.769326	0.828282	0.994479	0.883040	0.964401	0.988548
χ²α(0.05)	0.791077	0.757562	0.215206	0.215206	0.634974	0.851948	0.993681	0.125057	0.933609	0.549265	0.535469	0.535469	0.877194	0.877194	0.312164	0.980975	0.618362	0.675367	0.446239	0.980027	0.624367	0.419719	0.655083	0.215206	0.000000	0.200708	0.364681	0.508196	0.602773	0.669080	0.812254	0.877194	0.978417	0.946949	0.967836	0.975368	0.999210	0.215206	0.196171	0.358354	0.467658	0.549265	0.646248	0.700994	0.967630	0.745146	0.886882	0.947196	0.215206	0.142025	0.322762	0.446415	0.535469	0.656336	0.978928	0.747574	0.898276	0.960068	0.957870	0.215206	0.155686	0.307125	0.408149	0.478170	0.531951	0.728417	0.793635	0.851948	0.991702	0.942867	0.977916	0.988180	0.215206	0.252737	0.445392	0.554099	0.672861	0.750883	0.988626	0.825039	0.940584	0.978606
χ²α(0.15)	0.875719	0.849059	0.373683	0.373683	0.490458	0.757359	0.981050	0.144202	0.873215	0.387804	0.371059	0.371059	0.814189	0.814189	0.193390	0.959657	0.500396	0.537267	0.306385	0.957435	0.465106	0.380589	0.512986	0.373683	0.200708	0.000000	0.192626	0.357858	0.470243	0.550534	0.729432	0.814189	0.955878	0.908981	0.939618	0.951154	0.995287	0.373683	0.092678	0.176836	0.292951	0.387804	0.506090	0.575293	0.939671	0.632335	0.823332	0.909317	0.373683	0.086906	0.142302	0.269563	0.371059	0.516997	0.956658	0.633088	0.837114	0.927159	0.916234	0.373683	0.161708	0.180481	0.249708	0.314212	0.370138	0.598329	0.680786	0.757359	0.977438	0.892004	0.951482	0.970506	0.373683	0.142271	0.278133	0.395214	0.536552	0.633734	0.972161	0.731358	0.894984	0.955165
χ²α(0.25)	0.933822	0.912674	0.509776	0.509776	0.335016	0.630729	0.942336	0.304137	0.778133	0.215474	0.202989	0.202989	0.726983	0.726983	0.231746	0.910871	0.369385	0.377388	0.277697	0.906416	0.351690	0.420238	0.357926	0.509776	0.364681	0.192626	0.000000	0.193701	0.322160	0.415143	0.624632	0.726983	0.906163	0.844291	0.884516	0.899719	0.975066	0.509776	0.240075	0.130800	0.149101	0.215474	0.346191	0.428709	0.884981	0.497503	0.734845	0.845075	0.509776	0.265114	0.127682	0.140864	0.202989	0.356737	0.907342	0.494755	0.749236	0.867027	0.841991	0.509776	0.300609	0.226643	0.221122	0.236828	0.263302	0.453097	0.540219	0.630729	0.936569	0.809020	0.895474	0.925293	0.509776	0.226716	0.204341	0.253795	0.383353	0.493555	0.929337	0.610840	0.821739	0.904580
χ²α(0.35)	0.970156	0.954348	0.625781	0.625781	0.242053	0.476680	0.854703	0.449868	0.638859	0.152159	0.166578	0.166578	0.601442	0.601442	0.367963	0.815120	0.218655	0.230672	0.353167	0.807892	0.340629	0.506734	0.261052	0.625781	0.508196	0.357858	0.193701	0.000000	0.149679	0.253077	0.485327	0.601442	0.809900	0.736515	0.784206	0.802287	0.915852	0.625781	0.406012	0.268571	0.190401	0.152159	0.179523	0.256487	0.785188	0.333981	0.608801	0.738173	0.625781	0.425954	0.288105	0.202394	0.166578	0.196513	0.811632	0.326218	0.621515	0.761950	0.719833	0.625781	0.449724	0.357127	0.314785	0.292274	0.284837	0.360942	0.407537	0.476680	0.847471	0.681300	0.791732	0.832064	0.625781	0.378152	0.277572	0.241497	0.258642	0.334160	0.838747	0.457691	0.704710	0.807279
χ²α(0.43)	0.986197	0.974436	0.701393	0.701393	0.259043	0.380510	0.762115	0.549018	0.518310	0.223564	0.246260	0.246260	0.487824	0.487824	0.483477	0.718427	0.100781	0.204644	0.444699	0.709110	0.388036	0.584126	0.269517	0.701393	0.602773	0.470243	0.322160	0.149679	0.000000	0.116934	0.363377	0.487824	0.712960	0.632585	0.684892	0.704771	0.842076	0.701393	0.517401	0.396371	0.301811	0.223564	0.141850	0.145821	0.686384	0.201781	0.494994	0.635404	0.701393	0.534037	0.415340	0.320205	0.246260	0.162181	0.714873	0.202612	0.505382	0.659184	0.605808	0.701393	0.552909	0.466302	0.415918	0.380680	0.357475	0.349886	0.360097	0.380510	0.754217	0.565442	0.689541	0.736523	0.701393	0.491444	0.377708	0.307074	0.245751	0.249881	0.744679	0.334659	0.594990	0.709327
χ²α(0.5)	0.993608	0.984796	0.753967	0.753967	0.309741	0.337926	0.681911	0.620063	0.428306	0.311479	0.336294	0.336294	0.393797	0.393797	0.569225	0.635908	0.063375	0.236490	0.522560	0.624609	0.445484	0.645973	0.313087	0.753967	0.669080	0.550534	0.415143	0.253077	0.116934	0.000000	0.263692	0.393797	0.630361	0.545615	0.600933	0.621754	0.769396	0.753967	0.596010	0.489474	0.398588	0.311479	0.185840	0.130969	0.602901	0.126871	0.401711	0.549482	0.753967	0.610218	0.506528	0.417640	0.336294	0.199781	0.632114	0.149342	0.409285	0.572482	0.512086	0.753967	0.626563	0.549112	0.498541	0.459583	0.430599	0.371015	0.355230	0.337926	0.673677	0.470370	0.603192	0.654585	0.753967	0.573327	0.462952	0.381018	0.278614	0.232303	0.663670	0.256410	0.503710	0.626034
χ²α(0.75)	0.999490	0.996824	0.866199	0.866199	0.506647	0.348178	0.466974	0.777683	0.273057	0.544356	0.569137	0.569137	0.151161	0.151161	0.755177	0.415962	0.305391	0.431698	0.716914	0.399503	0.634592	0.797322	0.500418	0.866199	0.812254	0.729432	0.624632	0.485327	0.363377	0.263692	0.000000	0.151161	0.410280	0.317300	0.378368	0.400897	0.563361	0.866199	0.767268	0.693875	0.623179	0.544356	0.405931	0.307930	0.381576	0.221999	0.160907	0.323532	0.866199	0.776508	0.706590	0.639958	0.569137	0.413379	0.411788	0.247451	0.161453	0.344237	0.288372	0.866199	0.788364	0.737732	0.698737	0.665218	0.636272	0.508431	0.439335	0.348178	0.458219	0.251037	0.376036	0.436609	0.866199	0.753560	0.670896	0.593077	0.456811	0.336172	0.447419	0.221739	0.271057	0.405630
χ²α(1)	0.999923	0.999153	0.915682	0.915682	0.624391	0.423844	0.333765	0.851256	0.263397	0.661104	0.685114	0.685114	0.000000	0.000000	0.839059	0.280041	0.430926	0.560895	0.809643	0.260522	0.744029	0.869147	0.618251	0.915682	0.877194	0.814189	0.726983	0.601442	0.487824	0.393797	0.151161	0.000000	0.274273	0.178338	0.241400	0.264632	0.430632	0.915682	0.845895	0.789387	0.731065	0.661104	0.531601	0.437706	0.246090	0.351768	0.065227	0.186588	0.915682	0.852982	0.799816	0.746332	0.685114	0.540612	0.275675	0.376782	0.084954	0.204610	0.200654	0.915682	0.862518	0.825597	0.795803	0.768962	0.744802	0.619461	0.537917	0.423844	0.324998	0.190451	0.242175	0.303460	0.915682	0.836208	0.771514	0.704955	0.575546	0.448300	0.314156	0.302555	0.163892	0.271836
χ²α(16)	1.000000	0.999999	0.988125	0.988125	0.841067	0.653287	0.078626	0.970761	0.406162	0.866073	0.888081	0.888081	0.274273	0.274273	0.969241	0.006163	0.660026	0.801567	0.956555	0.031140	0.934427	0.978065	0.838696	0.988125	0.978417	0.955878	0.906163	0.809900	0.712960	0.630361	0.410280	0.274273	0.000000	0.103179	0.035879	0.010675	0.237669	0.988125	0.970292	0.948425	0.916176	0.866073	0.758653	0.675242	0.050364	0.596965	0.279253	0.111751	0.988125	0.972829	0.954122	0.927942	0.888081	0.771287	0.022377	0.625387	0.273736	0.076932	0.210561	0.988125	0.977060	0.967390	0.957226	0.946543	0.935823	0.855981	0.777846	0.653287	0.071704	0.288038	0.102190	0.063871	0.988125	0.967893	0.940932	0.900959	0.800793	0.686024	0.066750	0.536591	0.205278	0.071351
χ²α(2)	0.999997	0.999963	0.966869	0.966869	0.764257	0.558938	0.170338	0.932481	0.325431	0.794308	0.817266	0.817266	0.178338	0.178338	0.928414	0.109060	0.577986	0.715097	0.909668	0.107881	0.870487	0.945175	0.760251	0.966869	0.946949	0.908981	0.844291	0.736515	0.632585	0.545615	0.317300	0.178338	0.103179	0.000000	0.068724	0.093156	0.294234	0.966869	0.930869	0.895730	0.852888	0.794308	0.677570	0.589954	0.078612	0.508670	0.185594	0.038398	0.966869	0.935042	0.903331	0.866184	0.817266	0.688874	0.104169	0.535754	0.176100	0.052646	0.156059	0.966869	0.941578	0.921923	0.904153	0.886755	0.870369	0.768073	0.685122	0.558938	0.161907	0.214352	0.115052	0.141296	0.966869	0.925924	0.884291	0.833026	0.720197	0.598625	0.151516	0.445178	0.139346	0.113073
χ²α(4)	0.999999	0.999995	0.981166	0.981166	0.813949	0.620049	0.108799	0.957723	0.375441	0.840726	0.863057	0.863057	0.241400	0.241400	0.955427	0.041817	0.631569	0.771386	0.940430	0.052810	0.912110	0.967164	0.811007	0.981166	0.967836	0.939618	0.884516	0.784206	0.684892	0.600933	0.378368	0.241400	0.035879	0.068724	0.000000	0.025608	0.252908	0.981166	0.956954	0.929988	0.893811	0.840726	0.730256	0.645501	0.027014	0.566323	0.247040	0.079494	0.981166	0.960070	0.936414	0.906204	0.863057	0.742439	0.040823	0.594236	0.240306	0.050248	0.182394	0.981166	0.965199	0.951753	0.938771	0.925539	0.912697	0.824942	0.745239	0.620049	0.100982	0.258619	0.097490	0.085608	0.981166	0.953638	0.921111	0.876872	0.772316	0.655325	0.092033	0.504603	0.177842	0.075248
χ²α(8)	1.000000	0.999998	0.986137	0.986137	0.832968	0.643353	0.087280	0.966968	0.396818	0.858498	0.880597	0.880597	0.264632	0.264632	0.965228	0.016704	0.651718	0.792600	0.951803	0.036368	0.927784	0.974953	0.830429	0.986137	0.975368	0.951154	0.899719	0.802287	0.704771	0.621754	0.400897	0.264632	0.010675	0.093156	0.025608	0.000000	0.242179	0.986137	0.966450	0.942953	0.909442	0.858498	0.750237	0.666499	0.041319	0.587914	0.269667	0.102226	0.986137	0.969163	0.948874	0.921402	0.880597	0.762771	0.025307	0.616223	0.263880	0.067685	0.201000	0.986137	0.973693	0.962811	0.951691	0.940273	0.928875	0.846728	0.768084	0.643353	0.079990	0.279083	0.099397	0.068837	0.986137	0.963769	0.935024	0.893783	0.792311	0.676968	0.072225	0.527106	0.196713	0.070680
 EXTF	1.000000	1.000000	0.999782	0.999782	0.955436	0.836310	0.235920	0.998426	0.640871	0.959905	0.974832	0.974832	0.430632	0.430632	0.998760	0.235920	0.790124	0.928637	0.997941	0.281570	0.993808	0.999520	0.957142	0.999782	0.999210	0.995287	0.975066	0.915852	0.842076	0.769396	0.563361	0.430632	0.237669	0.294234	0.252908	0.242179	0.000000	0.999782	0.998519	0.994852	0.984020	0.959905	0.891937	0.827383	0.259194	0.758382	0.435716	0.289276	0.999782	0.998777	0.996148	0.989927	0.974832	0.916685	0.254519	0.817607	0.499591	0.316183	0.516208	0.999782	0.999100	0.997999	0.996328	0.994118	0.991488	0.957455	0.917683	0.836310	0.235927	0.497995	0.308867	0.245615	0.999782	0.998277	0.993624	0.980686	0.935773	0.866881	0.240547	0.752238	0.424209	0.267069
G²α(0)	0.635913	0.595298	0.000000	0.000000	0.740545	0.907388	0.997447	0.247540	0.963376	0.671682	0.662323	0.662323	0.915682	0.915682	0.487007	0.989916	0.702228	0.772125	0.595643	0.989437	0.745598	0.537965	0.757315	0.000000	0.215206	0.373683	0.509776	0.625781	0.701393	0.753967	0.866199	0.915682	0.988125	0.966869	0.981166	0.986137	0.999782	0.000000	0.353574	0.511654	0.606385	0.671682	0.746190	0.787472	0.980988	0.820689	0.924792	0.967054	0.000000	0.323033	0.486403	0.591091	0.662323	0.754913	0.988419	0.823563	0.933454	0.976032	0.976851	0.000000	0.302209	0.469955	0.561858	0.620628	0.664579	0.817845	0.865626	0.907388	0.996402	0.967770	0.988736	0.994425	0.000000	0.410712	0.592176	0.678692	0.769326	0.828282	0.994479	0.883040	0.964401	0.988548
G²α(0.25)	0.868596	0.842618	0.353574	0.353574	0.539152	0.801336	0.990151	0.136079	0.905544	0.436436	0.420265	0.420265	0.845895	0.845895	0.162801	0.973562	0.545413	0.588019	0.325644	0.972110	0.509287	0.363505	0.561791	0.353574	0.196171	0.092678	0.240075	0.406012	0.517401	0.596010	0.767268	0.845895	0.970292	0.930869	0.956954	0.966450	0.998519	0.353574	0.000000	0.207679	0.337504	0.436436	0.556423	0.624618	0.957018	0.679656	0.856520	0.931560	0.353574	0.070775	0.175948	0.315321	0.420265	0.567924	0.971319	0.681469	0.870034	0.947356	0.941845	0.353574	0.133299	0.181306	0.275683	0.351332	0.412028	0.646783	0.728046	0.801336	0.987483	0.921011	0.968667	0.982612	0.353574	0.134318	0.316884	0.441398	0.585457	0.681283	0.983497	0.774321	0.920992	0.970481
G²α(0.5)	0.950288	0.931045	0.511654	0.511654	0.395911	0.705977	0.977388	0.291018	0.845800	0.273656	0.252762	0.252762	0.789387	0.789387	0.135357	0.952628	0.454107	0.450071	0.224890	0.950067	0.336437	0.368359	0.419840	0.511654	0.358354	0.176836	0.130800	0.268571	0.396371	0.489474	0.693875	0.789387	0.948425	0.895730	0.929988	0.942953	0.994852	0.511654	0.207679	0.000000	0.156279	0.273656	0.420868	0.506402	0.930466	0.575700	0.800093	0.896907	0.511654	0.245361	0.047923	0.130179	0.252762	0.432463	0.950012	0.574529	0.815877	0.917416	0.903062	0.511654	0.277132	0.167588	0.157502	0.196152	0.249587	0.511914	0.611740	0.705977	0.973113	0.872754	0.943034	0.965146	0.511654	0.183467	0.162880	0.284067	0.450944	0.568116	0.967343	0.686121	0.879900	0.948218
G²α(0.75)	0.981115	0.966560	0.606385	0.606385	0.277493	0.610122	0.953169	0.401309	0.777079	0.136916	0.112097	0.112097	0.731065	0.731065	0.262888	0.921031	0.382588	0.328067	0.237667	0.917003	0.237413	0.423915	0.300321	0.606385	0.467658	0.292951	0.149101	0.190401	0.301811	0.398588	0.623179	0.731065	0.916176	0.852888	0.893811	0.909442	0.984020	0.606385	0.337504	0.156279	0.000000	0.136916	0.303686	0.401549	0.894672	0.480970	0.740950	0.854592	0.606385	0.366802	0.189987	0.036655	0.112097	0.313868	0.918482	0.476756	0.757562	0.878568	0.853585	0.606385	0.394631	0.264155	0.197574	0.174862	0.181572	0.392712	0.501181	0.610122	0.947388	0.815308	0.906277	0.936281	0.606385	0.300971	0.153356	0.175245	0.335688	0.465802	0.940205	0.600936	0.831391	0.915566
G²α(1)	0.992706	0.981800	0.671682	0.671682	0.186853	0.509397	0.909161	0.485259	0.694851	0.000000	0.035726	0.035726	0.661104	0.661104	0.377244	0.871333	0.311157	0.209163	0.304299	0.865582	0.227593	0.491719	0.207076	0.671682	0.549265	0.387804	0.215474	0.152159	0.223564	0.311479	0.544356	0.661104	0.866073	0.794308	0.840726	0.858498	0.959905	0.671682	0.436436	0.273656	0.136916	0.000000	0.189167	0.296261	0.841516	0.383275	0.669690	0.796141	0.671682	0.460582	0.302408	0.165670	0.035726	0.197097	0.868807	0.375087	0.686005	0.822451	0.786229	0.671682	0.485442	0.363596	0.285270	0.236121	0.210462	0.306984	0.394970	0.509397	0.902192	0.742642	0.851160	0.888294	0.671682	0.400870	0.233834	0.161082	0.233165	0.363863	0.894021	0.509523	0.766969	0.864720
G²α(1.4)	0.997249	0.990464	0.746190	0.746190	0.190250	0.359810	0.807369	0.588242	0.550328	0.189167	0.218470	0.218470	0.531601	0.531601	0.517558	0.764151	0.206738	0.107211	0.431440	0.755515	0.311157	0.592709	0.196965	0.746190	0.646248	0.506090	0.346191	0.179523	0.141850	0.185840	0.405931	0.531601	0.758653	0.677570	0.730256	0.750237	0.891937	0.746190	0.556423	0.420868	0.303686	0.189167	0.000000	0.125113	0.729941	0.221421	0.537790	0.678892	0.746190	0.574971	0.444050	0.328417	0.218470	0.041286	0.761387	0.208117	0.552795	0.707225	0.654823	0.746190	0.595251	0.494627	0.423164	0.367149	0.324329	0.273425	0.299595	0.359810	0.799448	0.607569	0.736352	0.782446	0.746190	0.526027	0.377657	0.266273	0.173992	0.219462	0.790157	0.357787	0.641839	0.755609
G²α(1.7)	0.997797	0.993129	0.787472	0.787472	0.260750	0.296760	0.726465	0.647905	0.453776	0.296261	0.324591	0.324591	0.437706	0.437706	0.596187	0.680860	0.166251	0.156478	0.515417	0.670328	0.394491	0.655108	0.258346	0.787472	0.700994	0.575293	0.428709	0.256487	0.145821	0.130969	0.307930	0.437706	0.675242	0.589954	0.645501	0.666499	0.827383	0.787472	0.624618	0.506402	0.401549	0.296261	0.125113	0.000000	0.644002	0.107805	0.441663	0.590410	0.787472	0.640287	0.526439	0.424337	0.324591	0.129358	0.677774	0.101082	0.455791	0.619758	0.557949	0.787472	0.657835	0.571598	0.508355	0.455781	0.412468	0.302161	0.292720	0.296760	0.718198	0.510352	0.648818	0.699668	0.787472	0.598370	0.467786	0.358402	0.219121	0.176868	0.708444	0.260589	0.549359	0.671128
G²α(16)	0.997678	0.995882	0.980988	0.980988	0.815817	0.625331	0.121498	0.957509	0.380763	0.841516	0.864531	0.864531	0.246090	0.246090	0.955746	0.055989	0.633025	0.774136	0.939551	0.071007	0.913714	0.966522	0.812944	0.980988	0.967630	0.939671	0.884981	0.785188	0.686384	0.602901	0.381576	0.246090	0.050364	0.078612	0.027014	0.041319	0.259194	0.980988	0.957018	0.930466	0.894672	0.841516	0.729941	0.644002	0.000000	0.563369	0.236743	0.064747	0.980988	0.960149	0.936993	0.907277	0.864531	0.744638	0.061294	0.597232	0.246967	0.063974	0.190000	0.980988	0.965275	0.952408	0.939872	0.927150	0.914697	0.828665	0.749696	0.625331	0.113614	0.266035	0.109941	0.099134	0.980988	0.953646	0.921723	0.878210	0.774536	0.658321	0.104954	0.508710	0.186272	0.091357
G²α(2)	0.997853	0.994616	0.820689	0.820689	0.337703	0.278218	0.649774	0.696898	0.377104	0.383275	0.411006	0.411006	0.351768	0.351768	0.658563	0.602649	0.171363	0.237344	0.585941	0.590313	0.473707	0.707045	0.330793	0.820689	0.745146	0.632335	0.497503	0.333981	0.201781	0.126871	0.221999	0.351768	0.596965	0.508670	0.566323	0.587914	0.758382	0.820689	0.679656	0.575700	0.480970	0.383275	0.221421	0.107805	0.563369	0.000000	0.353338	0.507970	0.820689	0.693197	0.593402	0.502201	0.411006	0.227294	0.599208	0.054779	0.367031	0.538073	0.470698	0.820689	0.708604	0.634149	0.578237	0.530393	0.489607	0.349526	0.312729	0.278218	0.641314	0.423028	0.567361	0.621723	0.820689	0.656903	0.541251	0.439125	0.285984	0.191864	0.631163	0.197011	0.464214	0.592118
G²α(4)	0.997836	0.996199	0.924792	0.924792	0.632354	0.417915	0.338183	0.860052	0.261895	0.669690	0.694761	0.694761	0.065227	0.065227	0.851675	0.284958	0.436831	0.569463	0.813802	0.268264	0.755174	0.875484	0.625568	0.924792	0.886882	0.823332	0.734845	0.608801	0.494994	0.401711	0.160907	0.065227	0.279253	0.185594	0.247040	0.269667	0.435716	0.924792	0.856520	0.800093	0.740950	0.669690	0.537790	0.441663	0.236743	0.353338	0.000000	0.176785	0.924792	0.863587	0.810862	0.756836	0.694761	0.549411	0.281041	0.385393	0.081253	0.211699	0.205344	0.924792	0.873178	0.836994	0.807291	0.780205	0.755559	0.623560	0.537059	0.417915	0.329358	0.186320	0.249201	0.308004	0.924792	0.846207	0.781271	0.713852	0.582731	0.453046	0.318599	0.300347	0.170531	0.276805
G²α(8)	0.997689	0.995960	0.967054	0.967054	0.767087	0.565816	0.177549	0.932427	0.332784	0.796141	0.819837	0.819837	0.186588	0.186588	0.929770	0.117406	0.580817	0.720253	0.907815	0.119611	0.873693	0.944114	0.763313	0.967054	0.947196	0.909317	0.845075	0.738173	0.635404	0.549482	0.323532	0.186588	0.111751	0.038398	0.079494	0.102226	0.289276	0.967054	0.931560	0.896907	0.854592	0.796141	0.678892	0.590410	0.064747	0.507970	0.176785	0.000000	0.967054	0.935806	0.904600	0.868151	0.819837	0.692975	0.113342	0.541475	0.186772	0.074935	0.168871	0.967054	0.942320	0.923222	0.906172	0.889447	0.873542	0.773844	0.691664	0.565816	0.169099	0.220651	0.127306	0.148933	0.967054	0.926333	0.885510	0.835049	0.723562	0.603511	0.158907	0.451769	0.150284	0.123215
HGTα(0)	0.635913	0.595298	0.000000	0.000000	0.740545	0.907388	0.997447	0.247540	0.963376	0.671682	0.662323	0.662323	0.915682	0.915682	0.487007	0.989916	0.702228	0.772125	0.595643	0.989437	0.745598	0.537965	0.757315	0.000000	0.215206	0.373683	0.509776	0.625781	0.701393	0.753967	0.866199	0.915682	0.988125	0.966869	0.981166	0.986137	0.999782	0.000000	0.353574	0.511654	0.606385	0.671682	0.746190	0.787472	0.980988	0.820689	0.924792	0.967054	0.000000	0.323033	0.486403	0.591091	0.662323	0.754913	0.988419	0.823563	0.933454	0.976032	0.976851	0.000000	0.302209	0.469955	0.561858	0.620628	0.664579	0.817845	0.865626	0.907388	0.996402	0.967770	0.988736	0.994425	0.000000	0.410712	0.592176	0.678692	0.769326	0.828282	0.994479	0.883040	0.964401	0.988548
HGTα(0.25)	0.853979	0.826178	0.323033	0.323033	0.558983	0.813443	0.991456	0.105240	0.912631	0.460582	0.444234	0.444234	0.852982	0.852982	0.193684	0.975961	0.558277	0.606795	0.350473	0.974584	0.534657	0.372167	0.581188	0.323033	0.142025	0.086906	0.265114	0.425954	0.534037	0.610218	0.776508	0.852982	0.972829	0.935042	0.960070	0.969163	0.998777	0.323033	0.070775	0.245361	0.366802	0.460582	0.574971	0.640287	0.960149	0.693197	0.863587	0.935806	0.323033	0.000000	0.207608	0.343169	0.444234	0.585912	0.973616	0.694906	0.876433	0.950794	0.946007	0.323033	0.106427	0.198792	0.303539	0.378882	0.438365	0.665527	0.743470	0.813443	0.989000	0.926784	0.971472	0.984480	0.323033	0.146022	0.343595	0.464928	0.603365	0.695636	0.985220	0.785040	0.925896	0.972915
HGTα(0.5)	0.941790	0.921150	0.486403	0.486403	0.419999	0.724111	0.981260	0.260567	0.857663	0.302408	0.281272	0.281272	0.799816	0.799816	0.120743	0.958190	0.466172	0.474190	0.233345	0.955797	0.365464	0.360834	0.443907	0.486403	0.322762	0.142302	0.127682	0.288105	0.415340	0.506528	0.706590	0.799816	0.954122	0.903331	0.936414	0.948874	0.996148	0.486403	0.175948	0.047923	0.189987	0.302408	0.444050	0.526439	0.936993	0.593402	0.810862	0.904600	0.486403	0.207608	0.000000	0.161889	0.281272	0.455129	0.955389	0.592426	0.825968	0.924032	0.911135	0.486403	0.244926	0.146354	0.160041	0.214865	0.274874	0.536803	0.633506	0.724111	0.977340	0.882874	0.949369	0.970027	0.486403	0.154269	0.184137	0.309892	0.473659	0.587387	0.971870	0.701405	0.888101	0.953733
HGTα(0.75)	0.979523	0.964120	0.591091	0.591091	0.300782	0.632037	0.963472	0.381357	0.794759	0.165670	0.139654	0.139654	0.746332	0.746332	0.233976	0.932719	0.397904	0.353031	0.225043	0.928922	0.245456	0.409315	0.323888	0.591091	0.446415	0.269563	0.140864	0.202394	0.320205	0.417640	0.639958	0.746332	0.927942	0.866184	0.906204	0.921402	0.989927	0.591091	0.315321	0.130179	0.036655	0.165670	0.328417	0.424337	0.907277	0.502201	0.756836	0.868151	0.591091	0.343169	0.161889	0.000000	0.139654	0.338025	0.929987	0.497749	0.772841	0.891228	0.868037	0.591091	0.372960	0.239980	0.177553	0.163042	0.179115	0.416420	0.524918	0.632037	0.957945	0.831271	0.918811	0.947388	0.591091	0.276594	0.140596	0.192359	0.358922	0.487384	0.950939	0.620134	0.845353	0.927210
HGTα(1)	0.993672	0.982500	0.662323	0.662323	0.201597	0.535011	0.930326	0.471289	0.720079	0.035726	0.000000	0.000000	0.685114	0.685114	0.355515	0.893311	0.334076	0.236316	0.284336	0.887878	0.212593	0.476933	0.220816	0.662323	0.535469	0.371059	0.202989	0.166578	0.246260	0.336294	0.569137	0.685114	0.888081	0.817266	0.863057	0.880597	0.974832	0.662323	0.420265	0.252762	0.112097	0.035726	0.218470	0.324591	0.864531	0.411006	0.694761	0.819837	0.662323	0.444234	0.281272	0.139654	0.000000	0.224649	0.890744	0.401906	0.710446	0.845285	0.810475	0.662323	0.470571	0.344846	0.264470	0.215649	0.191947	0.311841	0.417571	0.535011	0.923510	0.767219	0.873976	0.910007	0.662323	0.382988	0.212106	0.149147	0.255680	0.389586	0.915464	0.535327	0.790653	0.886800
HGTα(1.47)	0.999348	0.993915	0.754913	0.754913	0.181691	0.348645	0.820820	0.598568	0.552254	0.197097	0.224649	0.224649	0.540612	0.540612	0.528847	0.776815	0.222517	0.079057	0.439596	0.768040	0.308203	0.601965	0.185272	0.754913	0.656336	0.516997	0.356737	0.196513	0.162181	0.199781	0.413379	0.540612	0.771287	0.688874	0.742439	0.762771	0.916685	0.754913	0.567924	0.432463	0.313868	0.197097	0.041286	0.129358	0.744638	0.227294	0.549411	0.692975	0.754913	0.585912	0.455129	0.338025	0.224649	0.000000	0.774218	0.207710	0.561237	0.719154	0.663471	0.754913	0.606437	0.506248	0.433480	0.375232	0.329111	0.251738	0.275679	0.348645	0.812764	0.614294	0.747947	0.795406	0.754913	0.537398	0.387199	0.269107	0.159426	0.212895	0.803369	0.359701	0.651695	0.768078
HGTα(16)	1.000000	1.000000	0.988419	0.988419	0.843818	0.654749	0.081183	0.971373	0.406861	0.868807	0.890744	0.890744	0.275675	0.275675	0.970809	0.021609	0.661675	0.803844	0.959022	0.030808	0.937194	0.979087	0.841383	0.988419	0.978928	0.956658	0.907342	0.811632	0.714873	0.632114	0.411788	0.275675	0.022377	0.104169	0.040823	0.025307	0.254519	0.988419	0.971319	0.950012	0.918482	0.868807	0.761387	0.677774	0.061294	0.599208	0.281041	0.113342	0.988419	0.973616	0.955389	0.929987	0.890744	0.774218	0.000000	0.627852	0.275281	0.077439	0.211930	0.988419	0.977405	0.967852	0.957980	0.947361	0.936810	0.857623	0.779451	0.654749	0.075185	0.288586	0.098305	0.062860	0.988419	0.968874	0.942940	0.903593	0.803453	0.688373	0.068101	0.538380	0.203704	0.062185
HGTα(2)	0.999894	0.998031	0.823563	0.823563	0.323502	0.251204	0.678900	0.698886	0.380174	0.375087	0.401906	0.401906	0.376782	0.376782	0.659254	0.631082	0.189658	0.213808	0.585263	0.618754	0.464103	0.709270	0.315151	0.823563	0.747574	0.633088	0.494755	0.326218	0.202612	0.149342	0.247451	0.376782	0.625387	0.535754	0.594236	0.616223	0.817607	0.823563	0.681469	0.574529	0.476756	0.375087	0.208117	0.101082	0.597232	0.054779	0.385393	0.541475	0.823563	0.694906	0.592426	0.497749	0.401906	0.207710	0.627852	0.000000	0.391719	0.566096	0.491795	0.823563	0.710574	0.634158	0.576241	0.526354	0.483394	0.326457	0.283708	0.251204	0.670320	0.443998	0.594793	0.650395	0.823563	0.657860	0.538457	0.431396	0.267836	0.165120	0.660078	0.195052	0.489937	0.620366
HGTα(4)	0.999999	0.999967	0.933454	0.933454	0.646835	0.412085	0.335399	0.872700	0.232709	0.686005	0.710446	0.710446	0.084954	0.084954	0.866109	0.279539	0.444964	0.579322	0.832296	0.259406	0.771927	0.889625	0.639694	0.933454	0.898276	0.837114	0.749236	0.621515	0.505382	0.409285	0.161453	0.084954	0.273736	0.176100	0.240306	0.263880	0.499591	0.933454	0.870034	0.815877	0.757562	0.686005	0.552795	0.455791	0.246967	0.367031	0.081253	0.186772	0.933454	0.876433	0.825968	0.772841	0.710446	0.561237	0.275281	0.391719	0.000000	0.203773	0.147116	0.933454	0.885054	0.850705	0.821965	0.795076	0.770356	0.632142	0.539579	0.412085	0.326693	0.153278	0.240599	0.304696	0.933454	0.860352	0.797828	0.730207	0.595699	0.460453	0.315818	0.297065	0.144459	0.272914
HGTα(8)	1.000000	0.999999	0.976032	0.976032	0.793406	0.586294	0.148683	0.947623	0.341415	0.822451	0.845285	0.845285	0.204610	0.204610	0.946515	0.082581	0.603458	0.745749	0.929483	0.065250	0.897754	0.959079	0.789760	0.976032	0.960068	0.927159	0.867027	0.761950	0.659184	0.572482	0.344237	0.204610	0.076932	0.052646	0.050248	0.067685	0.316183	0.976032	0.947356	0.917416	0.878568	0.822451	0.707225	0.619758	0.063974	0.538073	0.211699	0.074935	0.976032	0.950794	0.924032	0.891228	0.845285	0.719154	0.077439	0.566096	0.203773	0.000000	0.142647	0.976032	0.956079	0.940084	0.925259	0.910239	0.895863	0.798478	0.714850	0.586294	0.141055	0.223301	0.087957	0.122156	0.976032	0.943155	0.907462	0.860188	0.749869	0.628606	0.131383	0.473270	0.139350	0.097624
SimpleMaths(1)	1.000000	0.999999	0.976851	0.976851	0.749738	0.486793	0.279643	0.942353	0.231414	0.786229	0.810475	0.810475	0.200654	0.200654	0.940389	0.216376	0.546138	0.683544	0.918741	0.193403	0.874007	0.956374	0.743411	0.976851	0.957870	0.916234	0.841991	0.719833	0.605808	0.512086	0.288372	0.200654	0.210561	0.156059	0.182394	0.201000	0.516208	0.976851	0.941845	0.903062	0.853585	0.786229	0.654823	0.557949	0.190000	0.470698	0.205344	0.168871	0.976851	0.946007	0.911135	0.868037	0.810475	0.663471	0.211930	0.491795	0.147116	0.142647	0.000000	0.976851	0.952700	0.931481	0.911196	0.890343	0.869960	0.734606	0.632223	0.486793	0.271386	0.143061	0.187418	0.249861	0.976851	0.936506	0.889884	0.829891	0.698683	0.560878	0.260972	0.388290	0.138634	0.220466
subTF-IDFα(0)	0.635913	0.595298	0.000000	0.000000	0.740545	0.907388	0.997447	0.247540	0.963376	0.671682	0.662323	0.662323	0.915682	0.915682	0.487007	0.989916	0.702228	0.772125	0.595643	0.989437	0.745598	0.537965	0.757315	0.000000	0.215206	0.373683	0.509776	0.625781	0.701393	0.753967	0.866199	0.915682	0.988125	0.966869	0.981166	0.986137	0.999782	0.000000	0.353574	0.511654	0.606385	0.671682	0.746190	0.787472	0.980988	0.820689	0.924792	0.967054	0.000000	0.323033	0.486403	0.591091	0.662323	0.754913	0.988419	0.823563	0.933454	0.976032	0.976851	0.000000	0.302209	0.469955	0.561858	0.620628	0.664579	0.817845	0.865626	0.907388	0.996402	0.967770	0.988736	0.994425	0.000000	0.410712	0.592176	0.678692	0.769326	0.828282	0.994479	0.883040	0.964401	0.988548
subTF-IDFα(0.05)	0.841881	0.806595	0.302209	0.302209	0.574284	0.827736	0.993523	0.124713	0.922778	0.485442	0.470571	0.470571	0.862518	0.862518	0.230859	0.979939	0.574400	0.629282	0.386455	0.978658	0.564263	0.382997	0.596958	0.302209	0.155686	0.161708	0.300609	0.449724	0.552909	0.626563	0.788364	0.862518	0.977060	0.941578	0.965199	0.973693	0.999100	0.302209	0.133299	0.277132	0.394631	0.485442	0.595251	0.657835	0.965275	0.708604	0.873178	0.942320	0.302209	0.106427	0.244926	0.372960	0.470571	0.606437	0.977405	0.710574	0.885054	0.956079	0.952700	0.302209	0.000000	0.201062	0.315509	0.394735	0.456480	0.684320	0.760229	0.827736	0.991416	0.934829	0.975876	0.987487	0.302209	0.133543	0.354970	0.480063	0.618056	0.708923	0.987942	0.796332	0.932374	0.976697
subTF-IDFα(0.1)	0.951910	0.921176	0.469955	0.469955	0.457652	0.762818	0.989309	0.256544	0.885685	0.363596	0.344846	0.344846	0.825597	0.825597	0.156429	0.971100	0.515720	0.527972	0.272023	0.969064	0.428063	0.342059	0.482678	0.469955	0.307125	0.180481	0.226643	0.357127	0.466302	0.549112	0.737732	0.825597	0.967390	0.921923	0.951753	0.962811	0.997999	0.469955	0.181306	0.167588	0.264155	0.363596	0.494627	0.571598	0.952408	0.634149	0.836994	0.923222	0.469955	0.198792	0.146354	0.239980	0.344846	0.506248	0.967852	0.634158	0.850705	0.940084	0.931481	0.469955	0.201062	0.000000	0.138323	0.232052	0.305717	0.582303	0.677087	0.762818	0.986343	0.906295	0.963819	0.980615	0.469955	0.085123	0.190641	0.341562	0.511559	0.623880	0.981625	0.733154	0.907102	0.966230
subTF-IDFα(0.15)	0.987611	0.961710	0.561858	0.561858	0.368537	0.707203	0.983779	0.351603	0.851980	0.285270	0.264470	0.264470	0.795803	0.795803	0.198741	0.961573	0.481750	0.451211	0.231868	0.958697	0.326945	0.363292	0.394627	0.561858	0.408149	0.249708	0.221122	0.314785	0.415918	0.498541	0.698737	0.795803	0.957226	0.904153	0.938771	0.951691	0.996328	0.561858	0.275683	0.157502	0.197574	0.285270	0.423164	0.508355	0.939872	0.578237	0.807291	0.906172	0.561858	0.303539	0.160041	0.177553	0.264470	0.433480	0.957980	0.576241	0.821965	0.925259	0.911196	0.561858	0.315509	0.138323	0.000000	0.108662	0.190368	0.498520	0.607114	0.707203	0.979996	0.880106	0.951297	0.972561	0.561858	0.197690	0.087683	0.238265	0.429557	0.557354	0.974233	0.682385	0.885151	0.955492
subTF-IDFα(0.2)	0.995807	0.975152	0.620628	0.620628	0.291866	0.655647	0.977297	0.418997	0.818991	0.236121	0.215649	0.215649	0.768962	0.768962	0.268173	0.951318	0.451357	0.387295	0.238035	0.947507	0.253637	0.405569	0.318331	0.620628	0.478170	0.314212	0.236828	0.292274	0.380680	0.459583	0.665218	0.768962	0.946543	0.886755	0.925539	0.940273	0.994118	0.620628	0.351332	0.196152	0.174862	0.236121	0.367149	0.455781	0.927150	0.530393	0.780205	0.889447	0.620628	0.378882	0.214865	0.163042	0.215649	0.375232	0.947361	0.526354	0.795076	0.910239	0.890343	0.620628	0.394735	0.232052	0.108662	0.000000	0.092826	0.424649	0.543908	0.655647	0.972631	0.854380	0.937768	0.963493	0.620628	0.283797	0.079371	0.155428	0.358320	0.498699	0.966010	0.636438	0.863745	0.943938
subTF-IDFα(0.25)	0.998268	0.982181	0.664579	0.664579	0.224417	0.607271	0.970324	0.472196	0.787292	0.210462	0.191947	0.191947	0.744802	0.744802	0.334042	0.940853	0.428820	0.333351	0.265207	0.936217	0.209513	0.450588	0.249599	0.664579	0.531951	0.370138	0.263302	0.284837	0.357475	0.430599	0.636272	0.744802	0.935823	0.870369	0.912697	0.928875	0.991488	0.664579	0.412028	0.249587	0.181572	0.210462	0.324329	0.412468	0.914697	0.489607	0.755559	0.873542	0.664579	0.438365	0.274874	0.179115	0.191947	0.329111	0.936810	0.483394	0.770356	0.895863	0.869960	0.664579	0.456480	0.305717	0.190368	0.092826	0.000000	0.356651	0.485057	0.607271	0.964898	0.829230	0.924253	0.954131	0.664579	0.352121	0.131615	0.105801	0.294525	0.445268	0.957531	0.594411	0.843325	0.932529
subTF-IDFα(0.56)	0.999991	0.998246	0.817845	0.817845	0.190277	0.342541	0.905962	0.676776	0.595223	0.306984	0.311841	0.311841	0.619461	0.619461	0.604093	0.861735	0.389560	0.205436	0.501363	0.851021	0.335678	0.668640	0.167836	0.817845	0.728417	0.598329	0.453097	0.360942	0.349886	0.371015	0.508431	0.619461	0.855981	0.768073	0.824942	0.846728	0.957455	0.817845	0.646783	0.511914	0.392712	0.306984	0.273425	0.302161	0.828665	0.349526	0.623560	0.773844	0.817845	0.665527	0.536803	0.416420	0.311841	0.251738	0.857623	0.326457	0.632142	0.798478	0.734606	0.817845	0.684320	0.582303	0.498520	0.424649	0.356651	0.000000	0.173304	0.342541	0.897548	0.673608	0.825709	0.878461	0.817845	0.610411	0.438699	0.287290	0.168606	0.218843	0.887358	0.378830	0.718022	0.848154
subTF-IDFα(0.75)	0.999999	0.999685	0.865626	0.865626	0.278691	0.192733	0.830960	0.748338	0.471568	0.394970	0.417571	0.417571	0.537917	0.537917	0.698394	0.783690	0.377952	0.241590	0.609803	0.769738	0.462859	0.751916	0.257446	0.865626	0.793635	0.680786	0.540219	0.407537	0.360097	0.355230	0.439335	0.537917	0.777846	0.685122	0.745239	0.768084	0.917683	0.865626	0.728046	0.611740	0.501181	0.394970	0.299595	0.292720	0.749696	0.312729	0.537059	0.691664	0.865626	0.743470	0.633506	0.524918	0.417571	0.275679	0.779451	0.283708	0.539579	0.714850	0.632223	0.865626	0.760229	0.677087	0.607114	0.543908	0.485057	0.173304	0.000000	0.192733	0.822007	0.565396	0.739065	0.800389	0.865626	0.699383	0.553325	0.415256	0.221262	0.190317	0.811084	0.276494	0.622902	0.767793
subTF-IDFα(1)	1.000000	0.999931	0.907388	0.907388	0.416972	0.000000	0.707194	0.813817	0.308501	0.509397	0.535011	0.535011	0.423844	0.423844	0.782919	0.659089	0.368730	0.349170	0.713618	0.641640	0.594970	0.826212	0.400272	0.907388	0.851948	0.757359	0.630729	0.476680	0.380510	0.337926	0.348178	0.423844	0.653287	0.558938	0.620049	0.643353	0.836310	0.907388	0.801336	0.705977	0.610122	0.509397	0.359810	0.296760	0.625331	0.278218	0.417915	0.565816	0.907388	0.813443	0.724111	0.632037	0.535011	0.348645	0.654749	0.251204	0.412085	0.586294	0.486793	0.907388	0.827736	0.762818	0.707203	0.655647	0.607271	0.342541	0.192733	0.000000	0.697938	0.414787	0.606218	0.674787	0.907388	0.779794	0.661526	0.543268	0.346093	0.198504	0.686632	0.189608	0.483914	0.640687
subTF-IDFα(16)	1.000000	1.000000	0.996402	0.996402	0.878669	0.697938	0.009649	0.987499	0.443150	0.902192	0.923510	0.923510	0.324998	0.324998	0.987153	0.067269	0.702472	0.843889	0.979179	0.094448	0.964181	0.992161	0.876898	0.996402	0.991702	0.977438	0.936569	0.847471	0.754217	0.673677	0.458219	0.324998	0.071704	0.161907	0.100982	0.079990	0.235927	0.996402	0.987483	0.973113	0.947388	0.902192	0.799448	0.718198	0.113614	0.641314	0.329358	0.169099	0.996402	0.989000	0.977340	0.957945	0.923510	0.812764	0.075185	0.670320	0.326693	0.141055	0.271386	0.996402	0.991416	0.986343	0.979996	0.972631	0.964898	0.897548	0.822007	0.697938	0.000000	0.322523	0.107988	0.025124	0.996402	0.986120	0.967590	0.934046	0.840166	0.727255	0.011916	0.577191	0.230815	0.061177
subTF-IDFα(2)	1.000000	0.999999	0.967770	0.967770	0.694147	0.414787	0.332048	0.923272	0.143147	0.742642	0.767219	0.767219	0.190451	0.190451	0.917315	0.293349	0.506698	0.633613	0.886797	0.269900	0.832624	0.937787	0.686828	0.967770	0.942867	0.892004	0.809020	0.681300	0.565442	0.470370	0.251037	0.190451	0.288038	0.214352	0.258619	0.279083	0.497995	0.967770	0.921011	0.872754	0.815308	0.742642	0.607569	0.510352	0.266035	0.423028	0.186320	0.220651	0.967770	0.926784	0.882874	0.831271	0.767219	0.614294	0.288586	0.443998	0.153278	0.223301	0.143061	0.967770	0.934829	0.906295	0.880106	0.854380	0.829230	0.673608	0.565396	0.414787	0.322523	0.000000	0.219093	0.297884	0.967770	0.912438	0.852596	0.782597	0.639794	0.495852	0.310939	0.317851	0.109291	0.262324
subTF-IDFα(4)	1.000000	1.000000	0.988736	0.988736	0.819953	0.606218	0.117565	0.968845	0.343327	0.851160	0.873976	0.873976	0.242175	0.242175	0.967733	0.103839	0.634377	0.775318	0.953220	0.080320	0.926052	0.977671	0.816634	0.988736	0.977916	0.951482	0.895474	0.791732	0.689541	0.603192	0.376036	0.242175	0.102190	0.115052	0.097490	0.099397	0.308867	0.988736	0.968667	0.943034	0.906277	0.851160	0.736352	0.648818	0.109941	0.567361	0.249201	0.127306	0.988736	0.971472	0.949369	0.918811	0.873976	0.747947	0.098305	0.594793	0.240599	0.087957	0.187418	0.988736	0.975876	0.963819	0.951297	0.937768	0.924253	0.825709	0.739065	0.606218	0.107988	0.219093	0.000000	0.083230	0.988736	0.965145	0.933108	0.886980	0.775711	0.651971	0.096359	0.491555	0.131311	0.050245
subTF-IDFα(8)	1.000000	1.000000	0.994425	0.994425	0.862763	0.674787	0.034688	0.982654	0.418754	0.888294	0.910007	0.910007	0.303460	0.303460	0.982156	0.061472	0.683869	0.825613	0.972474	0.080717	0.954198	0.988482	0.860614	0.994425	0.988180	0.970506	0.925293	0.832064	0.736523	0.654585	0.436609	0.303460	0.063871	0.141296	0.085608	0.068837	0.245615	0.994425	0.982612	0.965146	0.936281	0.888294	0.782446	0.699668	0.099134	0.621723	0.308004	0.148933	0.994425	0.984480	0.970027	0.947388	0.910007	0.795406	0.062860	0.650395	0.304696	0.122156	0.249861	0.994425	0.987487	0.980615	0.972561	0.963493	0.954131	0.878461	0.800389	0.674787	0.025124	0.297884	0.083230	0.000000	0.994425	0.980726	0.958409	0.921294	0.822801	0.707326	0.014159	0.555021	0.206608	0.036806
TF-IDFα(0)	0.635913	0.595298	0.000000	0.000000	0.740545	0.907388	0.997447	0.247540	0.963376	0.671682	0.662323	0.662323	0.915682	0.915682	0.487007	0.989916	0.702228	0.772125	0.595643	0.989437	0.745598	0.537965	0.757315	0.000000	0.215206	0.373683	0.509776	0.625781	0.701393	0.753967	0.866199	0.915682	0.988125	0.966869	0.981166	0.986137	0.999782	0.000000	0.353574	0.511654	0.606385	0.671682	0.746190	0.787472	0.980988	0.820689	0.924792	0.967054	0.000000	0.323033	0.486403	0.591091	0.662323	0.754913	0.988419	0.823563	0.933454	0.976032	0.976851	0.000000	0.302209	0.469955	0.561858	0.620628	0.664579	0.817845	0.865626	0.907388	0.996402	0.967770	0.988736	0.994425	0.000000	0.410712	0.592176	0.678692	0.769326	0.828282	0.994479	0.883040	0.964401	0.988548
TF-IDFα(0.25)	0.909780	0.876717	0.410712	0.410712	0.494768	0.779794	0.989052	0.197314	0.895451	0.400870	0.382988	0.382988	0.836208	0.836208	0.161492	0.971310	0.523048	0.557761	0.295059	0.969738	0.469542	0.348026	0.518866	0.410712	0.252737	0.142271	0.226716	0.378152	0.491444	0.573327	0.753560	0.836208	0.967893	0.925924	0.953638	0.963769	0.998277	0.410712	0.134318	0.183467	0.300971	0.400870	0.526027	0.598370	0.953646	0.656903	0.846207	0.926333	0.410712	0.146022	0.154269	0.276594	0.382988	0.537398	0.968874	0.657860	0.860352	0.943155	0.936506	0.410712	0.133543	0.085123	0.197690	0.283797	0.352121	0.610411	0.699383	0.779794	0.986120	0.912438	0.965145	0.980726	0.410712	0.000000	0.244966	0.386087	0.545317	0.650816	0.981750	0.752956	0.913504	0.967476
TF-IDFα(0.5)	0.992620	0.969223	0.592176	0.592176	0.315132	0.661526	0.972458	0.385887	0.821309	0.233834	0.212106	0.212106	0.771514	0.771514	0.241286	0.945435	0.446507	0.401504	0.226777	0.942524	0.274410	0.393019	0.341068	0.592176	0.445392	0.278133	0.204341	0.277572	0.377708	0.462952	0.670896	0.771514	0.940932	0.884291	0.921111	0.935024	0.993624	0.592176	0.316884	0.162880	0.153356	0.233834	0.377657	0.467786	0.921723	0.541251	0.781271	0.885510	0.592176	0.343595	0.184137	0.140596	0.212106	0.387199	0.942940	0.538457	0.797828	0.907462	0.889884	0.592176	0.354970	0.190641	0.087683	0.079371	0.131615	0.438699	0.553325	0.661526	0.967590	0.852596	0.933108	0.958409	0.592176	0.244966	0.000000	0.178883	0.379352	0.514812	0.961214	0.647625	0.863798	0.939898
TF-IDFα(0.75)	0.999255	0.984050	0.678692	0.678692	0.159762	0.543268	0.940588	0.494057	0.737484	0.161082	0.149147	0.149147	0.704955	0.704955	0.376064	0.906144	0.380099	0.274878	0.306892	0.901383	0.221209	0.490499	0.186063	0.678692	0.554099	0.395214	0.253795	0.241497	0.307074	0.381018	0.593077	0.704955	0.900959	0.833026	0.876872	0.893783	0.980686	0.678692	0.441398	0.284067	0.175245	0.161082	0.266273	0.358402	0.878210	0.439125	0.713852	0.835049	0.678692	0.464928	0.309892	0.192359	0.149147	0.269107	0.903593	0.431396	0.730207	0.860188	0.829891	0.678692	0.480063	0.341562	0.238265	0.155428	0.105801	0.287290	0.415256	0.543268	0.934046	0.782597	0.886980	0.921294	0.678692	0.386087	0.178883	0.000000	0.233359	0.390098	0.926222	0.545421	0.804432	0.898662
TF-IDFα(1.14)	0.999974	0.993277	0.769326	0.769326	0.086469	0.346093	0.848195	0.618321	0.575392	0.233165	0.255680	0.255680	0.575546	0.575546	0.542359	0.806366	0.295968	0.162806	0.458662	0.798033	0.326083	0.618686	0.066203	0.769326	0.672861	0.536552	0.383353	0.258642	0.245751	0.278614	0.456811	0.575546	0.800793	0.720197	0.772316	0.792311	0.935773	0.769326	0.585457	0.450944	0.335688	0.233165	0.173992	0.219121	0.774536	0.285984	0.582731	0.723562	0.769326	0.603365	0.473659	0.358922	0.255680	0.159426	0.803453	0.267836	0.595699	0.749869	0.698683	0.769326	0.618056	0.511559	0.429557	0.358320	0.294525	0.168606	0.221262	0.346093	0.840166	0.639794	0.775711	0.822801	0.769326	0.545317	0.379352	0.233359	0.000000	0.187517	0.830668	0.368635	0.678217	0.795304
TF-IDFα(1.5)	0.999997	0.998384	0.828282	0.828282	0.260512	0.198504	0.735964	0.702656	0.418228	0.363863	0.389586	0.389586	0.448300	0.448300	0.653313	0.691700	0.262271	0.226162	0.576605	0.680518	0.449685	0.708143	0.242193	0.828282	0.750883	0.633734	0.493555	0.334160	0.249881	0.232303	0.336172	0.448300	0.686024	0.598625	0.655325	0.676968	0.866881	0.828282	0.681283	0.568116	0.465802	0.363863	0.219462	0.176868	0.658321	0.191864	0.453046	0.603511	0.828282	0.695636	0.587387	0.487384	0.389586	0.212895	0.688373	0.165120	0.460453	0.628606	0.560878	0.828282	0.708923	0.623880	0.557354	0.498699	0.445268	0.218843	0.190317	0.198504	0.727255	0.495852	0.651971	0.707326	0.828282	0.650816	0.514812	0.390098	0.187517	0.000000	0.716979	0.204451	0.545004	0.677150
TF-IDFα(16)	1.000000	1.000000	0.994479	0.994479	0.869705	0.686632	0.021397	0.983483	0.431598	0.894021	0.915464	0.915464	0.314156	0.314156	0.983158	0.064275	0.692639	0.834088	0.974345	0.087250	0.957422	0.988986	0.867764	0.994479	0.988626	0.972161	0.929337	0.838747	0.744679	0.663670	0.447419	0.314156	0.066750	0.151516	0.092033	0.072225	0.240547	0.994479	0.983497	0.967343	0.940205	0.894021	0.790157	0.708444	0.104954	0.631163	0.318599	0.158907	0.994479	0.985220	0.971870	0.950939	0.915464	0.803369	0.068101	0.660078	0.315818	0.131383	0.260972	0.994479	0.987942	0.981625	0.974233	0.966010	0.957531	0.887358	0.811084	0.686632	0.011916	0.310939	0.096359	0.014159	0.994479	0.981750	0.961214	0.926222	0.830668	0.716979	0.000000	0.566167	0.219407	0.049582
TF-IDFα(2)	1.000000	0.999836	0.883040	0.883040	0.433535	0.189608	0.586264	0.786118	0.239589	0.509523	0.535327	0.535327	0.302555	0.302555	0.758663	0.542280	0.295390	0.370180	0.699584	0.527298	0.596362	0.799090	0.419895	0.883040	0.825039	0.731358	0.610840	0.457691	0.334659	0.256410	0.221739	0.302555	0.536591	0.445178	0.504603	0.527106	0.752238	0.883040	0.774321	0.686121	0.600936	0.509523	0.357787	0.260589	0.508710	0.197011	0.300347	0.451769	0.883040	0.785040	0.701405	0.620134	0.535327	0.359701	0.538380	0.195052	0.297065	0.473270	0.388290	0.883040	0.796332	0.733154	0.682385	0.636438	0.594411	0.378830	0.276494	0.189608	0.577191	0.317851	0.491555	0.555021	0.883040	0.752956	0.647625	0.545421	0.368635	0.204451	0.566167	0.000000	0.376401	0.522669
TF-IDFα(4)	1.000000	0.999999	0.964401	0.964401	0.727115	0.483914	0.240276	0.922594	0.228090	0.766969	0.790653	0.790653	0.163892	0.163892	0.918512	0.210265	0.537473	0.673711	0.894524	0.188039	0.849134	0.936538	0.721615	0.964401	0.940584	0.894984	0.821739	0.704710	0.594990	0.503710	0.271057	0.163892	0.205278	0.139346	0.177842	0.196713	0.424209	0.964401	0.920992	0.879900	0.831391	0.766969	0.641839	0.549359	0.186272	0.464214	0.170531	0.150284	0.964401	0.925896	0.888101	0.845353	0.790653	0.651695	0.203704	0.489937	0.144459	0.139350	0.138634	0.964401	0.932374	0.907102	0.885151	0.863745	0.843325	0.718022	0.622902	0.483914	0.230815	0.109291	0.131311	0.206608	0.964401	0.913504	0.863798	0.804432	0.678217	0.545004	0.219407	0.376401	0.000000	0.171599
TF-IDFα(8)	1.000000	1.000000	0.988548	0.988548	0.836800	0.640687	0.070667	0.970576	0.383526	0.864720	0.886800	0.886800	0.271836	0.271836	0.969881	0.072194	0.656011	0.796790	0.957682	0.076295	0.934231	0.978602	0.834089	0.988548	0.978606	0.955165	0.904580	0.807279	0.709327	0.626034	0.405630	0.271836	0.071351	0.113073	0.075248	0.070680	0.267069	0.988548	0.970481	0.948218	0.915566	0.864720	0.755609	0.671128	0.091357	0.592118	0.276805	0.123215	0.988548	0.972915	0.953733	0.927210	0.886800	0.768078	0.062185	0.620366	0.272914	0.097624	0.220466	0.988548	0.976697	0.966230	0.955492	0.943938	0.932529	0.848154	0.767793	0.640687	0.061177	0.262324	0.050245	0.036806	0.988548	0.967476	0.939898	0.898662	0.795304	0.677150	0.049582	0.522669	0.171599	0.000000
