label	axe1_64.7816%	axe2_23.3495%	axe3_8.1276%	axe4_1.5015%	axe5_1.1106%	axe6_0.7745%	axe7_0.3202%	axe8_0.0321%	axe9_0.0024%
tf	-0.307018098536	-0.583541283406	-0.205990039748	-0.0190263777207	0.00576694159339	-0.00632361147352	-0.00530683177742	-0.000743452302611	-4.56562981674e-05
g2	-0.348274311184	0.0272813293807	0.0520204837272	0.0732146557347	-0.0157427781271	0.0510741980889	0.00396431534338	0.0145338586238	-0.00348680235089
fisher	-0.372626490295	0.0119120727012	0.0598308132068	0.0695279123309	-0.00778532527315	0.0489552430908	0.00647533675651	-0.0112662779563	0.00296946220252
simplemaths	-0.399760288208	0.0371297755606	0.184565678365	-0.00859370777202	0.109884683785	-0.0438419147661	-0.00609544938877	-0.00168805522354	0.00012958762074
bm25	0.279127840964	0.174650447411	-0.155642104005	-0.0110040007061	0.0390020693369	0.0303515110746	0.0566841223478	-0.00611391741701	-0.000127705957184
bm25k100b1	-0.290822694544	0.142608265975	0.0111214979521	-0.0467612279373	-0.0618091263435	-0.0440650469887	0.00366993873076	-0.0115353825541	-0.0041119853585
chi2	0.298384974837	0.0567133569182	0.0365159790525	0.000141456441066	-0.0429856578745	0.0331155522454	-0.042258506841	-0.00739414828285	0.000371376540517
extf	0.535057593848	-0.264303056165	0.227368722248	-0.0651177320176	-0.0020833307783	0.0292005827523	0.00584001735551	0.00103752218879	1.02357921379e-05
logratio	0.493607506148	-0.0567055687383	0.0274504702934	0.0381040747242	-0.0101375866476	-0.0450885677737	0.021654193549	0.00639834408072	-0.000576511565352
simplemathsk1	0.401194954962	0.0718039184125	-0.104938537474	0.092519991553	0.0147820312251	-0.0482605162876	-0.0283483831676	-0.000745364635989	0.000522602784123
tfidf	-0.300128733194	0.122928691403	0.0156749364543	-0.0380858985635	-0.0699836148574	-0.03675634738	0.0150131768455	0.00993256759401	0.00424101124827
tfidflog	0.0112577452007	0.259522050547	-0.147977900072	-0.0849191460665	0.0410916939613	0.0316389174177	-0.0312919297536	0.00758430588511	0.000104385341733
