scorer	bm25	bm25k100b1	chi2	extf	fisher	focalex	focalex0.05	focalex0.25	focalex0.5	focalex1.5	focalex1.75	g2	g2signed	logratio	simplemaths	simplemathsk1	tf	tfidf	tfidflog
bm25	0.000000	0.384554	0.199898	0.963230	0.487135	0.447296	0.843214	0.802105	0.694010	0.166502	0.152403	0.447296	0.443885	0.170577	0.596220	0.160485	0.925653	0.392927	0.192470
bm25k100b1	0.384554	0.000000	0.292223	0.968579	0.200772	0.172385	0.701210	0.629765	0.472873	0.334228	0.407746	0.172385	0.168361	0.453212	0.351470	0.444870	0.827755	0.017218	0.238683
chi2	0.199898	0.292223	0.000000	0.960366	0.384276	0.336920	0.778558	0.733524	0.614565	0.074247	0.183609	0.336920	0.333599	0.245495	0.506284	0.232203	0.876664	0.298158	0.173924
extf	0.963230	0.968579	0.960366	0.000000	0.967980	0.965804	0.996936	0.994089	0.976852	0.959412	0.958412	0.965804	0.965628	0.958527	0.982782	0.959983	0.999544	0.968163	0.963299
fisher	0.487135	0.200772	0.384276	0.967980	0.000000	0.080027	0.622278	0.540878	0.359423	0.431090	0.502233	0.080027	0.075617	0.543958	0.284043	0.535894	0.770538	0.191408	0.369167
focalex	0.447296	0.172385	0.336920	0.965804	0.080027	0.000000	0.648712	0.574214	0.405040	0.386474	0.461800	0.000000	0.010020	0.505955	0.315383	0.497467	0.787885	0.164227	0.324769
focalex0.05	0.843214	0.701210	0.778558	0.996936	0.622278	0.648712	0.000000	0.218636	0.428362	0.802161	0.838404	0.648712	0.649554	0.860497	0.601168	0.857402	0.310907	0.695082	0.786940
focalex0.25	0.802105	0.629765	0.733524	0.994089	0.540878	0.574214	0.218636	0.000000	0.290753	0.760750	0.802839	0.574214	0.575185	0.828321	0.491886	0.824228	0.473751	0.622976	0.734198
focalex0.5	0.694010	0.472873	0.614565	0.976852	0.359423	0.405040	0.428362	0.290753	0.000000	0.648270	0.700183	0.405040	0.406660	0.731345	0.301082	0.725920	0.634746	0.464851	0.606462
focalex1.5	0.166502	0.334228	0.074247	0.959412	0.431090	0.386474	0.802161	0.760750	0.648270	0.000000	0.119183	0.386474	0.383539	0.185844	0.542573	0.172242	0.893860	0.341322	0.188663
focalex1.75	0.152403	0.407746	0.183609	0.958412	0.502233	0.461800	0.838404	0.802839	0.700183	0.119183	0.000000	0.461800	0.459225	0.076462	0.601837	0.065008	0.919647	0.415262	0.247455
g2	0.447296	0.172385	0.336920	0.965804	0.080027	0.000000	0.648712	0.574214	0.405040	0.386474	0.461800	0.000000	0.010020	0.505955	0.315383	0.497467	0.787885	0.164227	0.324769
g2signed	0.443885	0.168361	0.333599	0.965628	0.075617	0.010020	0.649554	0.575185	0.406660	0.383539	0.459225	0.010020	0.000000	0.503427	0.312497	0.494788	0.788744	0.160302	0.320653
logratio	0.170577	0.453212	0.245495	0.958527	0.543958	0.505955	0.860497	0.828321	0.731345	0.185844	0.076462	0.505955	0.503427	0.000000	0.638208	0.018908	0.935017	0.460619	0.296389
simplemaths	0.596220	0.351470	0.506284	0.982782	0.284043	0.315383	0.601168	0.491886	0.301082	0.542573	0.601837	0.315383	0.312497	0.638208	0.000000	0.631786	0.766072	0.346413	0.493707
simplemathsk1	0.160485	0.444870	0.232203	0.959983	0.535894	0.497467	0.857402	0.824228	0.725920	0.172242	0.065008	0.497467	0.494788	0.018908	0.631786	0.000000	0.933044	0.452324	0.284815
tf	0.925653	0.827755	0.876664	0.999544	0.770538	0.787885	0.310907	0.473751	0.634746	0.893860	0.919647	0.787885	0.788744	0.935017	0.766072	0.933044	0.000000	0.823255	0.890805
tfidf	0.392927	0.017218	0.298158	0.968163	0.191408	0.164227	0.695082	0.622976	0.464851	0.341322	0.415262	0.164227	0.160302	0.460619	0.346413	0.452324	0.823255	0.000000	0.248977
tfidflog	0.192470	0.238683	0.173924	0.963299	0.369167	0.324769	0.786940	0.734198	0.606462	0.188663	0.247455	0.324769	0.320653	0.296389	0.493707	0.284815	0.890805	0.248977	0.000000
