axe	valeur_propre	part_inertie_positive_pct
1	2.47231364597	66.68924879
2	0.868184941388	23.41879302
3	0.215532512338	5.81386644
4	0.0528580632858	1.42581607
5	0.028394449354	0.76592406
6	0.0235733429124	0.63587746
7	0.0206865506409	0.55800789
8	0.0117210190264	0.31616779
9	0.0073756406867	0.19895370
10	0.00292117507126	0.07879703
11	0.00172442207652	0.04651530
12	0.00134057520767	0.03616125
13	0.00045260216939	0.01220869
14	0.000135776925653	0.00366251
15	1.16379420926e-16	0.00000000
16	-3.03704209223e-05	0.00000000
17	-0.00584042391675	0.00000000
18	-0.0227292848124	0.00000000
