scorer	tf	g2	fisher	simplemaths	bm25	bm25k100b1	chi2	extf	g2a0	g2a0.25	g2a0.5	g2a0.75	g2a1	g2a16	g2a2	g2a4	g2a8	logratio	simplemathsk1	tfidf	tfidfa0	tfidfa0.25	tfidfa0.5	tfidfa0.75	tfidfa1	tfidfa16	tfidfa2	tfidfa4	tfidfa8	tfidflog
tf	0.000000	0.673588	0.663743	0.747413	0.962906	0.762311	0.915943	0.999775	0.000000	0.356307	0.512647	0.607796	0.673588	0.979409	0.822438	0.924506	0.965745	0.987727	0.975640	0.745353	0.000000	0.414735	0.596166	0.683705	0.745353	0.992899	0.884795	0.963671	0.987094	0.907186
g2	0.673588	0.000000	0.036411	0.227081	0.687135	0.210698	0.651737	0.956346	0.673588	0.435508	0.274954	0.137548	0.000000	0.826102	0.379738	0.659245	0.781981	0.849718	0.773540	0.189815	0.673588	0.399093	0.231235	0.160826	0.189815	0.878102	0.506279	0.755388	0.849631	0.502752
fisher	0.663743	0.036411	0.000000	0.212224	0.713273	0.225923	0.676787	0.972073	0.663743	0.418555	0.253156	0.111790	0.036411	0.850179	0.408340	0.685301	0.806709	0.873111	0.798784	0.205927	0.663743	0.380342	0.209104	0.150594	0.205927	0.900637	0.532996	0.780060	0.872784	0.529319
simplemaths	0.747413	0.227081	0.212224	0.000000	0.780813	0.288292	0.734297	0.991903	0.747413	0.507417	0.336541	0.236938	0.227081	0.898415	0.469687	0.744208	0.859375	0.920091	0.860731	0.281089	0.747413	0.466475	0.270800	0.221448	0.281089	0.942072	0.592617	0.837274	0.919458	0.587734
bm25	0.962906	0.687135	0.713273	0.780813	0.000000	0.610872	0.254963	0.640417	0.962906	0.901434	0.841761	0.771071	0.687135	0.364755	0.370910	0.253998	0.319485	0.374512	0.222969	0.621798	0.962906	0.890605	0.813208	0.724720	0.621798	0.411874	0.233090	0.216961	0.365513	0.303248
bm25k100b1	0.762311	0.210698	0.225923	0.288292	0.610872	0.000000	0.600994	0.950230	0.762311	0.565541	0.426020	0.305812	0.210698	0.788678	0.321987	0.607199	0.740493	0.812232	0.722499	0.034663	0.762311	0.522139	0.343613	0.186145	0.034663	0.841843	0.409269	0.700899	0.809191	0.386365
chi2	0.915943	0.651737	0.676787	0.734297	0.254963	0.600994	0.000000	0.440794	0.915943	0.842060	0.785206	0.724171	0.651737	0.236926	0.342979	0.063211	0.179268	0.251439	0.194206	0.608307	0.915943	0.831646	0.763105	0.691210	0.608307	0.304852	0.292899	0.160338	0.264018	0.411405
extf	0.999775	0.956346	0.972073	0.991903	0.640417	0.950230	0.440794	0.000000	0.999775	0.998074	0.993783	0.981696	0.956346	0.277482	0.756537	0.445887	0.306138	0.299084	0.522945	0.949099	0.999775	0.997776	0.991454	0.976517	0.949099	0.259758	0.749150	0.434886	0.284995	0.831261
g2a0	0.000000	0.673588	0.663743	0.747413	0.962906	0.762311	0.915943	0.999775	0.000000	0.356307	0.512647	0.607796	0.673588	0.979409	0.822438	0.924506	0.965745	0.987727	0.975640	0.745353	0.000000	0.414735	0.596166	0.683705	0.745353	0.992899	0.884795	0.963671	0.987094	0.907186
g2a0.25	0.356307	0.435508	0.418555	0.507417	0.901434	0.565541	0.842060	0.998074	0.356307	0.000000	0.205144	0.335685	0.435508	0.949977	0.678194	0.851799	0.925067	0.964874	0.935752	0.542472	0.356307	0.134061	0.318543	0.444803	0.542472	0.976593	0.773346	0.915850	0.963837	0.796911
g2a0.5	0.512647	0.274954	0.253156	0.336541	0.841761	0.426020	0.785206	0.993783	0.512647	0.205144	0.000000	0.156738	0.274954	0.921857	0.575324	0.794915	0.889126	0.941148	0.895964	0.401541	0.512647	0.179849	0.165790	0.289645	0.401541	0.958647	0.686058	0.873897	0.939979	0.702225
g2a0.75	0.607796	0.137548	0.111790	0.236938	0.771071	0.305812	0.724171	0.981696	0.607796	0.335685	0.156738	0.000000	0.137548	0.882464	0.478990	0.733017	0.843391	0.904427	0.843438	0.282363	0.607796	0.298044	0.152079	0.179348	0.282363	0.927686	0.599204	0.822395	0.903680	0.604828
g2a1	0.673588	0.000000	0.036411	0.227081	0.687135	0.210698	0.651737	0.956346	0.673588	0.435508	0.274954	0.137548	0.000000	0.826102	0.379738	0.659245	0.781981	0.849718	0.773540	0.189815	0.673588	0.399093	0.231235	0.160826	0.189815	0.878102	0.506279	0.755388	0.849631	0.502752
g2a16	0.979409	0.826102	0.850179	0.898415	0.364755	0.788678	0.236926	0.277482	0.979409	0.949977	0.921857	0.882464	0.826102	0.000000	0.547113	0.228871	0.062663	0.068377	0.181504	0.793027	0.979409	0.945744	0.908644	0.858755	0.793027	0.103570	0.490248	0.180213	0.090182	0.605181
g2a2	0.822438	0.379738	0.408340	0.469687	0.370910	0.321987	0.342979	0.756537	0.822438	0.678194	0.575324	0.478990	0.379738	0.547113	0.000000	0.343758	0.493371	0.573444	0.458923	0.328901	0.822438	0.654877	0.536686	0.430771	0.328901	0.614085	0.195140	0.453412	0.576333	0.270609
g2a4	0.924506	0.659245	0.685301	0.744208	0.253998	0.607199	0.063211	0.445887	0.924506	0.851799	0.794915	0.733017	0.659245	0.228871	0.343758	0.000000	0.170794	0.259606	0.199273	0.615136	0.924506	0.840766	0.771794	0.698979	0.615136	0.309824	0.290047	0.167211	0.269489	0.404890
g2a8	0.965745	0.781981	0.806709	0.859375	0.319485	0.740493	0.179268	0.306138	0.965745	0.925067	0.889126	0.843391	0.781981	0.062663	0.493371	0.170794	0.000000	0.115671	0.162152	0.745683	0.965745	0.918971	0.873259	0.816700	0.745683	0.155736	0.435268	0.146187	0.121234	0.547607
logratio	0.987727	0.849718	0.873111	0.920091	0.374512	0.812232	0.251439	0.299084	0.987727	0.964874	0.941148	0.904427	0.849718	0.068377	0.573444	0.259606	0.115671	0.000000	0.184712	0.816348	0.987727	0.961655	0.929155	0.881509	0.816348	0.086220	0.508531	0.182092	0.075465	0.621416
simplemathsk1	0.975640	0.773540	0.798784	0.860731	0.222969	0.722499	0.194206	0.522945	0.975640	0.935752	0.895964	0.843438	0.773540	0.181504	0.458923	0.199273	0.162152	0.184712	0.000000	0.730123	0.975640	0.929617	0.878419	0.812756	0.730123	0.252103	0.375606	0.135110	0.213146	0.473412
tfidf	0.745353	0.189815	0.205927	0.281089	0.621798	0.034663	0.608307	0.949099	0.745353	0.542472	0.401541	0.282363	0.189815	0.793027	0.328901	0.615136	0.745683	0.816348	0.730123	0.000000	0.745353	0.497478	0.317087	0.159207	0.000000	0.845408	0.424017	0.707862	0.813501	0.404145
tfidfa0	0.000000	0.673588	0.663743	0.747413	0.962906	0.762311	0.915943	0.999775	0.000000	0.356307	0.512647	0.607796	0.673588	0.979409	0.822438	0.924506	0.965745	0.987727	0.975640	0.745353	0.000000	0.414735	0.596166	0.683705	0.745353	0.992899	0.884795	0.963671	0.987094	0.907186
tfidfa0.25	0.414735	0.399093	0.380342	0.466475	0.890605	0.522139	0.831646	0.997776	0.414735	0.134061	0.179849	0.298044	0.399093	0.945744	0.654877	0.840766	0.918971	0.961655	0.929617	0.497478	0.414735	0.000000	0.245645	0.388708	0.497478	0.973879	0.751376	0.907490	0.959868	0.774334
tfidfa0.5	0.596166	0.231235	0.209104	0.270800	0.813208	0.343613	0.763105	0.991454	0.596166	0.318543	0.165790	0.152079	0.231235	0.908644	0.536686	0.771794	0.873259	0.929155	0.878419	0.317087	0.596166	0.245645	0.000000	0.180961	0.317087	0.947762	0.643438	0.853328	0.926926	0.653224
tfidfa0.75	0.683705	0.160826	0.150594	0.221448	0.724720	0.186145	0.691210	0.976517	0.683705	0.444803	0.289645	0.179348	0.160826	0.858755	0.430771	0.698979	0.816700	0.881509	0.812756	0.159207	0.683705	0.388708	0.180961	0.000000	0.159207	0.905788	0.537165	0.788070	0.878987	0.531228
tfidfa1	0.745353	0.189815	0.205927	0.281089	0.621798	0.034663	0.608307	0.949099	0.745353	0.542472	0.401541	0.282363	0.189815	0.793027	0.328901	0.615136	0.745683	0.816348	0.730123	0.000000	0.745353	0.497478	0.317087	0.159207	0.000000	0.845408	0.424017	0.707862	0.813501	0.404145
tfidfa16	0.992899	0.878102	0.900637	0.942072	0.411874	0.841843	0.304852	0.259758	0.992899	0.976593	0.958647	0.927686	0.878102	0.103570	0.614085	0.309824	0.155736	0.086220	0.252103	0.845408	0.992899	0.973879	0.947762	0.905788	0.845408	0.000000	0.545199	0.210648	0.047796	0.664304
tfidfa2	0.884795	0.506279	0.532996	0.592617	0.233090	0.409269	0.292899	0.749150	0.884795	0.773346	0.686058	0.599204	0.506279	0.490248	0.195140	0.290047	0.435268	0.508531	0.375606	0.424017	0.884795	0.751376	0.643438	0.537165	0.424017	0.545199	0.000000	0.362733	0.503199	0.184782
tfidfa4	0.963671	0.755388	0.780060	0.837274	0.216961	0.700899	0.160338	0.434886	0.963671	0.915850	0.873897	0.822395	0.755388	0.180213	0.453412	0.167211	0.146187	0.182092	0.135110	0.707862	0.963671	0.907490	0.853328	0.788070	0.707862	0.210648	0.362733	0.000000	0.164543	0.469524
tfidfa8	0.987094	0.849631	0.872784	0.919458	0.365513	0.809191	0.264018	0.284995	0.987094	0.963837	0.939979	0.903680	0.849631	0.090182	0.576333	0.269489	0.121234	0.075465	0.213146	0.813501	0.987094	0.959868	0.926926	0.878987	0.813501	0.047796	0.503199	0.164543	0.000000	0.619969
tfidflog	0.907186	0.502752	0.529319	0.587734	0.303248	0.386365	0.411405	0.831261	0.907186	0.796911	0.702225	0.604828	0.502752	0.605181	0.270609	0.404890	0.547607	0.621416	0.473412	0.404145	0.907186	0.774334	0.653224	0.531228	0.404145	0.664304	0.184782	0.469524	0.619969	0.000000
