scorer	family	alpha	axis1	axis2	axis3	axis4	axis5	axis6	axis7	axis8	axis9	axis10	axis11	axis12	axis13	axis14	axis15	axis16	axis17	axis18	axis19	axis20	axis21	axis22	axis23	axis24	axis25	axis26	axis27	axis28	axis29	axis30	axis31	axis32	axis33	axis34	axis35
chi2a0	chi2a	0	-0.404890646741	-0.408145786084	0.150591234328	0.0124649649715	-0.035350579647	-0.00740440227215	-0.00410498820989	0.00836177318634	-0.00510460826281	-0.00475903178683	-0.00435973190484	0.00423885202503	0.000309886366292	-0.000360995874528	0.00172982430081	0.000531284842655	0.00174700507446	0.000252228150357	-0.00123425541232	0.000523962335165	-0.000507360402158	0.000309956369108	0.00112396408493	-0.000747677531803	4.52254729197e-05	0.000273756632805	8.45172281618e-05	-0.000157515209681	-0.00022560537021	0.000116558918902	-3.41718854856e-06	-0.000179496503759	3.2484187242e-05	1.38249228236e-05	-6.55037051137e-06
chi2a0.05	chi2a	0.05	-0.431217651143	-0.273984394361	0.0250074467919	-0.0176640486018	0.0385266604244	0.00662894398287	0.024294128071	-0.0164313026099	0.0161934353958	0.0421736874382	0.00864715426454	-0.0322396924181	-0.00806474082789	0.0153035575773	-0.0161462110387	-0.0249302307636	-0.0281525054106	0.000632400883291	-0.00697472508132	-0.00774923376413	-0.00724362189757	-0.00310463035787	-0.00869238393386	0.000147894756957	-0.00358110699817	-0.00840800629942	0.00215676655086	0.00326287044789	0.00158303046543	-0.00253253820417	0.000629976689962	0.00208612594937	-0.000190880585677	-0.000103574789687	8.31393097147e-05
chi2a0.15	chi2a	0.15	-0.414938741571	-0.100454920738	-0.0345677619196	-0.0478460104909	0.0408991401706	0.0165670782823	0.0381601982764	0.00223138520126	0.0221487573863	0.0347468636675	-0.000656831264599	0.0025098844099	-0.0142981697711	0.00211551259809	-0.00296793471439	-0.00763842242013	0.00763502364923	-0.00305579344482	-0.00158695526724	0.0108650767557	0.0131319794062	0.00666469573688	0.0141668629986	0.00209490990548	0.00659792834117	0.0124075385227	-0.00224344466066	0.000321065325399	0.00051753543741	-0.00204723633386	0.00124766030507	-0.000211670273924	8.09473219195e-05	0.000245743326951	-0.000139655665271
chi2a0.25	chi2a	0.25	-0.332924457514	0.0560785578144	-0.0233959185281	-0.0792329138784	0.0191777219909	0.0383364405035	0.0186650906604	-0.0100148748724	0.00962512582364	-0.00683027148129	0.037661440491	0.0288240280177	-0.0024774558888	-0.00623392860195	-0.000159007108164	0.00698631128509	0.00627050335734	-0.0212168821089	-0.0105473152448	-0.00741033416992	-0.00622796010455	-0.00542385526171	0.00288145336991	-0.00873483992332	4.38496158433e-05	-0.00468523964179	0.00219494164977	0.00265046618608	-0.000388955339763	-0.00168703234447	-0.000110772491182	-0.000456473991933	6.06763570012e-05	-6.71608490351e-05	0.000134425055504
chi2a0.35	chi2a	0.35	-0.190469001625	0.152426676599	0.00495464182891	-0.111378121378	0.0188416158057	0.00582240029192	-0.0259752302082	-0.015621244423	-0.00927832296861	-0.0290164967036	-0.0175185741195	0.0312737445356	0.00461994808394	0.00364806446214	-0.00268180606194	-0.0130158530636	-0.0144341898077	0.00872101149125	-0.0101730099668	0.00971518913591	-0.00417831144184	0.00918717873533	0.00390661591479	-0.00218058669273	-0.000278539723445	0.00173117409631	-0.00179778535611	-0.00081853798162	-3.30671254906e-05	0.00154104271197	2.12277902749e-05	0.000863449410861	2.8674345572e-05	-8.12143395897e-05	-5.34008926026e-05
chi2a0.5	chi2a	0.5	0.0367122291278	0.178220832656	0.0158290250475	-0.109433218883	-0.00763274244108	-0.0515037568765	-0.011344801081	0.0425306375689	-0.0282339002587	-0.00636215114905	0.00568500471361	0.00861514488196	-0.0195092207924	0.0238371836987	-0.0242049149196	-0.00619135263614	0.0161040371875	-0.0034310394045	0.00857194637765	0.00165978675077	0.00363544656456	-0.0124892194323	-0.00340329119984	0.00434538971039	-0.00255825981088	-0.00303336280745	0.00440288786925	-0.000690634896326	-0.000614925584393	0.000519863652736	0.000144073072348	-0.000168166569467	-0.000260360957861	8.36769146508e-05	8.15671377578e-05
chi2a0.75	chi2a	0.75	0.267870058795	0.112857973517	0.0227816066898	-0.0686390396229	-0.00759743415803	-0.0423933448479	0.0474152416247	0.0332201577711	-0.0156286819328	0.00825214004884	0.0193958376576	0.00128316788195	0.0284162034055	-0.0177348916181	-0.00448779161852	-0.00186867011252	0.00131114494994	0.0105740219396	-5.96425161369e-05	-0.00972823907955	-0.000976882068405	0.0196045798678	-0.00588760398896	-0.000847811421753	-0.00579352625865	0.00201739366103	-0.00569570024674	-0.000223201881005	-0.00114454499904	-0.000288713015753	-0.00142215822138	0.000299379099479	0.000282192778776	-0.000119220019788	-7.92899338554e-05
chi2a1	chi2a	1	0.375295441341	0.0409547086598	0.00570597019952	-0.0357580121421	-0.00800290269986	-0.00874644223669	0.049918697232	0.00352358712506	-0.00766835985786	-0.00347016859935	0.000391610553095	-0.00194468479627	0.033291280262	-0.000714603493289	0.00593172400518	-0.0127592886842	-0.00119223347839	-0.000162594094508	-0.0046150473947	0.0183699711977	0.00724125960377	-0.019420603843	-0.000410803709366	0.00491767275039	-0.00486000947446	-0.0012329286854	-0.0027867172396	-4.59755566319e-05	-0.00589116175356	-0.00123034055332	0.00269476591635	0.00100424659124	-0.000174612474887	0.000298108877492	-0.000201178922349
chi2a16	chi2a	16	0.522616122657	-0.149145295266	-0.0597482152564	0.0126099175841	-0.0241120543538	0.012503939191	-0.0010352092887	-0.0180327933955	4.50887397667e-05	-0.00297179802308	-0.00489750513421	-0.00232768730163	-7.76894605876e-05	0.00269566243126	-0.0136134502608	0.0115214800143	-0.00124042091927	0.00239709157653	-0.00150976980829	0.00381294844197	0.00370882065236	0.00399445936106	-0.00740944056984	-0.00172253787778	0.000107972951298	0.00195265101028	0.00697953779998	-0.000268053000668	0.000193784598798	0.000725506909047	0.00166743090809	0.00228779676011	0.00380085204308	0.000351943151727	0.000370652390599
chi2a2	chi2a	2	0.48045524488	-0.0705932709642	-0.027606865146	-0.00342021075834	-0.0144789761324	0.0174080397645	0.0211454638495	-0.0158855141245	-0.00699605422689	-0.000784199168167	-0.0104738923133	-0.00257160901284	0.00319064130173	0.00601296881066	-0.0114367585852	0.00741088976384	0.000451708509132	-0.00751611490911	0.00375290755336	-0.00190988160739	-0.000768349260021	-0.00195790778842	0.0154312752507	0.00852985656899	-0.0082070732642	-0.00512175931238	-0.000900677349225	-0.00114946586678	-0.00254542737676	0.00095410044245	-0.00080180226387	0.000300108985284	0.000791913987345	-0.000953493967253	-0.000189550180253
chi2a4	chi2a	4	0.508958437053	-0.120372832997	-0.0490839393404	0.00819995041694	-0.0218934492412	0.0170727163054	0.00529276525988	-0.0160966334317	-0.00189353324847	-0.00127952027963	-0.00715694407922	-0.00133792252031	-0.00249184960007	0.00341477699073	-0.0153819688413	0.0104445471488	-0.00156956792293	-0.000291849100115	-0.00192649967368	-0.00119177824026	0.000438041959419	0.00245042280244	0.000268527007669	-0.000610829616797	0.000979688319754	0.0021044902589	-0.00091197043147	-0.00145903901647	-0.00665741689434	-0.00362903695414	-0.000844447311695	-0.000781067445336	-0.00237341516449	0.00299015915632	0.00101764782536
chi2a8	chi2a	8	0.518720249729	-0.140438155875	-0.0567064000552	0.0117159246539	-0.0237792140192	0.0144823646956	0.000549641430658	-0.0167088416354	-0.000704085819494	-0.00236769874054	-0.00591416623918	-0.00181261101034	-0.000867748636352	0.00308128195181	-0.0137374410814	0.0109450838659	-0.00196905619875	0.00198397280775	-0.00221660077114	0.00199131764011	0.00187466004484	0.00351094904507	-0.00509565334271	-0.00246776751766	0.00174925650933	0.00241143495886	0.00518517223026	0.00128764481827	-0.00266942332369	-0.00116722110709	0.000283821959481	-0.000264035858263	-0.00141704863632	-0.0027943757606	-0.00135189237142
fishera0	fishera	0	-0.404890646741	-0.408145786084	0.150591234328	0.0124649649715	-0.035350579647	-0.00740440227215	-0.00410498820989	0.00836177318634	-0.00510460826281	-0.00475903178684	-0.00435973190484	0.00423885202503	0.000309886366293	-0.000360995874527	0.00172982430081	0.000531284842653	0.00174700507446	0.000252228150358	-0.00123425541232	0.000523962335162	-0.000507360402159	0.000309956369105	0.00112396408493	-0.000747677531807	4.5225472913e-05	0.000273756632794	8.45172281715e-05	-0.000157515209673	-0.000225605370215	0.000116558918926	-3.41718855633e-06	-0.000179496503751	3.24841872426e-05	1.38249228049e-05	-6.5503705211e-06
fishera0.25	fishera	0.25	-0.437343984065	-0.178222742707	-0.0438471239856	-0.0330907281887	0.0536507915658	0.0131690812293	0.0136863748013	-0.0175912599446	0.0284435474701	0.0229780921251	0.0152698030564	-0.012273192113	0.00345366964804	0.00839857690905	-0.00889787234382	0.00182012747147	0.0106918856852	0.00571179230754	0.00859618767105	0.00644471898863	0.0013960904438	0.0020889332068	0.00052410503424	-0.00423850624116	-0.00130637973073	0.00835783941674	0.000515867348152	-0.00803522897332	5.27127855292e-05	0.00571518692711	-0.00115592758384	-0.00110922195114	0.000120826858525	0.000246789259923	-0.00040938199054
fishera0.5	fishera	0.5	-0.407401497331	-0.00209106996406	-0.100555220855	-0.0323472858371	0.0256208889147	0.0350778234655	0.00219477750126	0.0136963998168	0.0206033869976	-0.00266248487433	-0.0213494014121	0.0190366493236	0.00686230511441	0.00431693957085	0.00255116347024	0.000699638569182	-0.0138316820635	-0.00680845948124	-0.0135395798166	-0.0113726200855	-0.00512550850804	-0.00260085853139	-0.00606684315355	0.00227490627878	-0.000825809629304	-0.00363837549067	0.00171583243375	0.00104988420808	-0.00393716251048	0.0034091088715	-0.000501152162536	-0.00448776651369	0.0005218850293	0.000182748777604	0.000131272696606
fishera0.75	fishera	0.75	-0.348243627142	0.126782685106	-0.0824031196814	-0.025472414641	-0.0218809787106	0.0488412049824	-0.00788288828884	0.0296209960667	0.000779636892048	-0.0128790392267	-0.0135108850034	-0.0123527323512	-0.0003459356623	-0.00113455118021	-0.00942280396329	-0.0107936859137	-0.013330169289	0.00848736641355	0.017958872239	0.00597446985834	-0.00610473675928	0.000550416289128	0.00396683452613	-0.0032749587554	-0.00229156944539	0.00650604477881	-0.000232899027423	0.00125064920035	-0.0018030347561	0.00115584080459	-0.00105377909045	-0.000286642182718	9.34063356128e-05	-0.00175618258026	0.00174158986575
fishera1	fishera	1	-0.269107224403	0.209619959188	-0.032837090023	-0.0279054685948	-0.0510325137774	0.0471769144243	-0.0189546389953	0.0153181732332	-0.0139841797968	0.00035440266672	0.0155544022867	-0.0310962056436	0.00480351899098	0.00499044623329	-0.00104262160499	0.00170908692638	0.00955588735166	-0.00330833239981	-0.00739369626161	-0.0108766705966	0.00397027055551	-0.00666657625141	0.0013476085772	0.001188377457	-0.000472164706247	-3.64239407506e-05	0.00260076277955	-0.00342885974436	-0.00229198973273	0.00493648980938	-0.00467742289618	0.000719207640276	-0.000568584155564	0.000620739431683	-0.000975413132475
fishera1.5	fishera	1.5	-0.0775060806732	0.265607361632	0.051248079693	-0.0564343038051	-0.0436941294888	-0.0118052633824	-0.0386945217809	-0.029037278701	0.00358049235887	0.0268273558557	-0.00889569283606	-0.0130145518133	0.0211022999319	-0.00687423828391	0.00436026606312	0.00568199382103	0.00123970391306	-0.0135193933024	0.0064253087139	0.00220938115057	0.00187215565115	0.00545475454077	-0.00565870298286	-0.0029019743139	-0.00822918142537	0.000125984436495	-0.00246085326448	-0.000374965365528	-0.00348545221258	0.00174789328365	0.00595636165078	-0.00293793201992	-0.000508940281001	8.65368476515e-05	0.000156760947334
fishera16	fishera	16	0.523848666183	-0.151852370865	-0.059440088382	0.0142279717407	-0.0180161770715	0.0079874348701	0.00275203768986	-0.0138826648378	-0.0019659536306	-0.00228928929775	-0.0078740817834	-0.000904872899236	0.00393780680362	0.00338864528745	-0.0114162343072	0.00983910201704	-0.0022264919772	-0.000388581755142	-0.0015292165256	0.00018623130066	-0.000932558432113	-0.00475520057863	0.00157074243861	-0.00119561840384	-0.00100198964744	-0.0016459107058	-0.00954116862719	0.00221670329157	0.0143318919361	0.00409065937091	-0.00112748979629	-0.00187098700054	-0.00139834155221	0.000549090266048	0.000423789491576
fishera2	fishera	2	0.0906980989321	0.238142753706	0.0767442837898	-0.0720533394198	-0.0181571855286	-0.0518191123996	-0.00194663559161	-0.0109683249206	0.0267129029598	0.00170683869337	-0.0045288809037	-0.0166134678861	0.00637154114705	-0.0121194442804	0.00169904041789	0.0256946940705	-0.0208387526265	0.00572699222232	-0.0103050892003	0.0106362196667	0.00192667886207	-0.00369302292433	0.0102791419078	0.00447128534051	0.00416755344038	-0.000571845602492	0.0060887883983	-0.000291177555957	0.000477991177561	-0.00265357399545	-0.0056462053914	0.000159268997656	0.000105903029109	-0.00011440640779	0.000391909339918
fishera4	fishera	4	0.397093859069	0.0443475554126	0.033930450827	-0.0382387866981	0.0217252784789	-0.0105542642107	0.0501110750514	0.00631086141335	-0.0284192089625	-0.000464245189322	-0.0126065393802	0.00228294390471	0.0103976107554	0.00744059067846	-0.0117423441121	0.0129458312733	0.000350055204844	-0.0103586673811	0.00730652190991	-0.00952994658509	-0.00492709792197	0.01619680426	0.00683640043869	-0.00278502957906	0.00531771163824	-0.00268836381784	0.0103540044324	0.00099070124442	0.00621036679766	0.000155843354182	0.00210042106366	0.000152023459589	-0.000341459548149	0.000314146971036	-0.000132841041825
fishera8	fishera	8	0.49901447104	-0.0955804610307	-0.0287846887353	-0.00340007191937	-0.00150654309444	0.00713305864856	0.0190744859126	-0.00598535066104	-0.0179986403856	0.00208114261339	-0.00962986974014	0.00496247666682	0.00555130890814	-0.000560906510283	-0.0147845191113	0.00805877041993	0.000197094818561	-0.000298488093141	-0.00693495055269	0.00506414198261	0.000416540408371	-0.0159345590615	-0.0110939333782	-0.00937050186119	0.0101522808119	0.00548494335954	-0.00938795277275	0.00088176491685	0.000358484591241	-0.000390899969672	-0.000382595200852	0.000284553128463	0.0010881036747	-0.000548559746948	-0.000178501879234
g2a0	g2a	0	-0.404890646741	-0.408145786084	0.150591234328	0.0124649649715	-0.035350579647	-0.00740440227215	-0.00410498820989	0.00836177318634	-0.00510460826281	-0.00475903178684	-0.00435973190484	0.00423885202503	0.000309886366292	-0.000360995874528	0.00172982430081	0.000531284842654	0.00174700507446	0.000252228150358	-0.00123425541232	0.000523962335163	-0.000507360402159	0.000309956369106	0.00112396408493	-0.000747677531805	4.52254729116e-05	0.00027375663279	8.451722817e-05	-0.000157515209673	-0.00022560537021	0.000116558918921	-3.41718854908e-06	-0.000179496503746	3.24841872504e-05	1.382492279e-05	-6.55037050579e-06
g2a0.25	g2a	0.25	-0.434852966867	-0.149615253413	-0.0618884576958	-0.0302223525589	0.0495415628348	0.0258939008686	0.00816630995011	-0.00379330756464	0.0268718506353	0.00933219871412	-0.00273020102088	0.010321302685	0.00819766541192	-0.00458112930533	0.012391448342	0.0292801176432	0.0350251001409	0.014150933994	0.00739170416116	0.00672397701572	-0.00250593834676	-0.00227941096217	-0.00587896135084	0.00287836012681	-0.00288764174176	-0.00961112369884	0.000111671932369	0.00419999077375	0.000622199090727	-0.00177576833409	-0.000373981486363	0.00133554261377	-0.000273570955908	-0.000494290448091	0.000519976448535
g2a0.5	g2a	0.5	-0.395218349267	0.0275691094075	-0.103216683132	-0.0267019474622	0.0096577275218	0.047051041209	-0.00471654472754	0.0238773548293	0.0147417349583	-0.0132618560985	-0.0314801124661	0.0221832845268	0.00253610534472	-0.00652180825321	0.00824144333395	0.00519151906001	-0.0118737078108	0.00227388173819	-0.00196477738186	-0.00363931576509	0.00789182864709	0.00308173772594	-0.00684138732208	0.00532243244339	0.000289298010826	-0.00588742450103	-0.0021091340214	-0.00563459942108	0.00212291981098	-0.000884458969002	0.000700340681103	0.00310043767302	-0.000561981617967	0.000289917216426	-0.000650205815267
g2a0.75	g2a	0.75	-0.327958996945	0.144952962765	-0.0740876013356	-0.0254027658124	-0.0324497781328	0.0580120000227	-0.0145167160921	0.0256086311951	-0.00265076489997	-0.0167528648053	-0.00205679485859	-0.0143702182513	-0.00503052307321	-0.00574297545319	-0.00596824465354	-0.00561628193149	-0.00296487242338	0.0089062852577	0.014953264089	0.00938034885519	-0.00795343627477	0.00157910941586	0.000179594671151	0.0044153781972	0.00374761293873	0.00247919627575	0.000212338585588	0.00561827137831	0.00314128406508	-0.00350935269446	0.00175361384773	-0.000786726673563	0.000278404428836	0.00155271204397	-0.00132029205951
g2a1	g2a	1	-0.240437667983	0.214340478129	-0.0263947873389	-0.0356210705862	-0.0515538923337	0.0463166937541	-0.0304774964995	0.00202600646457	-0.0174452477292	0.00168164013376	0.0178865477788	-0.020477201362	0.00569335567587	0.0153571801094	0.0105018573946	0.000365551161407	0.0120607739446	0.00125441637989	-0.00903462791962	-0.0144299732647	0.00896650538777	-0.00182750016326	0.00208893181762	-0.000221037185961	0.00586068227539	0.00140046649977	-0.000388646221553	-0.00119624495837	0.00386657207549	-0.00459660011976	0.00252790283265	0.000427144986033	0.000487983735548	-0.000852493567463	0.00109815610424
g2a1.5	g2a	1.5	-0.0492552743959	0.25006915796	0.0371362450658	-0.0678936382965	-0.0452164734475	-0.0236542784473	-0.0382126882272	-0.0281455940617	0.010276293045	0.0192184889548	-0.0132419234893	-0.00473937379004	-0.00329295287468	-0.00513873471339	0.0127394660034	-0.00711575940092	0.00583832959541	-0.0145686617464	0.00672222166164	0.000241003631448	-0.00421565262729	0.00603670325527	-0.00482001769278	-0.00756558102211	-0.000489283026463	0.000779233814574	-0.00645581532158	0.00318205212512	0.0014794040199	-0.00187742254021	-0.00446247473154	0.0030056831824	0.000637788614573	0.000180108430736	-0.000617597409113
g2a16	g2a	16	0.508511174922	-0.122541182982	-0.0510633217218	-0.000103052286121	-0.0283974016321	0.0141135037538	0.0128729437258	-0.027383922488	-0.00251819175088	-0.00255368345738	-0.00416958202692	0.00247329862548	-0.0297162716926	-0.00168200467897	0.0098902000785	-0.00483976965852	0.00309841016211	0.00977558308913	0.000141250082285	-0.0055904407654	-0.00137523506392	0.00141484912132	-0.0114083846797	-0.00291318000806	0.00623331059098	0.00297434394311	-0.00237138366805	-0.00133046925966	-0.00268614765031	0.000641190969047	-0.000485196871503	-1.8686106019e-05	-0.000548514889518	-5.88617218671e-06	0.000171030705685
g2a2	g2a	2	0.106559366606	0.218055251657	0.0523948689997	-0.0774427388111	-0.0286211205442	-0.0540320057269	0.0081440851187	-0.00246242501792	0.0241590779812	0.000833448976705	0.00954649952393	-0.00830421040308	-0.0291645011468	-0.011422135873	0.0183310572016	0.0116032166541	-0.0110420886986	0.0129253363528	8.89336001009e-05	-0.00297987199676	-0.00384011934958	-0.00693532729061	0.00137706562872	0.00221230343409	0.00725017925162	-0.00243902767424	1.58475641987e-05	-0.00136124606756	0.00194285625292	0.00380955918099	0.00588958615196	-0.000796825371202	-0.00029302306244	-0.000108865217622	-4.00263708548e-05
g2a4	g2a	4	0.38305162291	0.0460550582175	0.0160432546562	-0.0392101375006	-0.000800519848234	-0.00155495456762	0.0579845982304	-0.0113100974967	-0.0160761278177	-0.00496624073345	-0.00146833323555	0.0063661795449	-0.0112296966178	-6.54326523104e-05	0.0325269587084	-0.0266602726238	0.00746228531581	0.00320347125223	0.00470283509742	0.0020166162879	0.00127978815236	0.000514383650954	-0.00855331195115	0.000925635919968	-0.00142625300818	0.000725223079822	0.00670011337952	-0.000615127413093	0.00180181202832	5.8451438981e-05	-0.00459856353781	-0.00247531195909	-0.000123018160423	-6.3810425177e-05	0.000449654844285
g2a8	g2a	8	0.480311299772	-0.0736845167892	-0.0303871670312	-0.0110291646441	-0.019177884664	0.0169168131552	0.0257321226042	-0.0255517849782	-0.00919108240039	-0.000866210367438	-0.00438941981257	0.00692108021928	-0.0287313719686	-0.00153374160007	0.0107783636818	-0.01041330508	0.00511473643531	0.00303984242918	0.00243788263547	-0.00885548856235	-0.00368857272665	0.000491380857069	0.0124433940642	0.00579929376905	-0.00820285506447	-0.00385272449149	-0.00476584466112	7.64787548068e-05	-0.00180391230297	-0.000335218739964	0.00201603124596	0.00131571024478	0.000574922071095	2.88854529942e-05	-0.000403516241262
tfidfa0	tfidfa	0	-0.404890646741	-0.408145786084	0.150591234328	0.0124649649715	-0.035350579647	-0.00740440227215	-0.00410498820989	0.00836177318635	-0.00510460826281	-0.00475903178683	-0.00435973190484	0.00423885202503	0.000309886366293	-0.000360995874527	0.00172982430081	0.000531284842653	0.00174700507446	0.000252228150357	-0.00123425541232	0.000523962335166	-0.000507360402159	0.000309956369103	0.00112396408493	-0.000747677531803	4.52254729205e-05	0.0002737566328	8.45172281534e-05	-0.000157515209691	-0.000225605370205	0.000116558918886	-3.4171885584e-06	-0.000179496503787	3.24841872643e-05	1.38249228218e-05	-6.55037052562e-06
tfidfa0.25	tfidfa	0.25	-0.429739995271	-0.0938308804246	-0.0961122049701	0.0163689948648	0.055328267884	-0.0220531745411	-0.00692400270077	-0.0262595297129	-0.0256469117486	-0.0262644839985	0.00510657497652	-0.00296129230939	-0.00390371882362	-0.0205295047594	0.010828639483	0.0103958557817	-0.00874047915158	-0.00434188535339	0.00392182905759	-0.0108138248482	-0.00164961129477	-0.0125572619336	0.00435798521349	-0.00834977137462	-0.0115920976352	0.0154477570443	0.0063397209296	0.000982624456196	0.000296232920367	-0.00106808888477	0.0010404787724	0.00152902441867	-0.000119212994761	0.000336231768032	-0.000142717670853
tfidfa0.5	tfidfa	0.5	-0.360919787056	0.115233235739	-0.119878335093	0.0683115145425	-0.0014907604031	-0.0113125635516	-0.00681127054496	0.00318511475846	-0.0290655001766	0.00438535918787	-0.00568172559811	-0.00280467630629	-0.0230787373891	-0.01516169192	-0.00185580051743	-0.00589285008924	0.000483355305378	-0.00605304187645	-0.0137976443627	0.0128350809981	0.025695641691	0.0101432510833	0.00440223781221	-0.00709880624828	0.00108572151087	-0.00912133070199	0.00124349122514	-0.000356555196713	-0.000557190139493	0.00110553326061	0.000234193541875	-0.000770318645678	0.000128825230687	-0.000145685798051	0.000156723883737
tfidfa0.75	tfidfa	0.75	-0.269618902717	0.225556496719	-0.0473083971082	0.086209048494	-0.0415121768625	-0.00397412318702	-0.00316833095503	-0.00565378768129	-0.0052813761917	0.0102519727964	0.0312574056191	0.0228845344353	-0.0171043950597	-0.0123964265398	-0.0142536166053	-0.000124587781767	0.00205454244522	-0.0158454963805	-0.00195901693878	0.020081819062	-0.0206206388244	0.00540359380973	-0.00575512487141	0.00621494474386	-0.00117971627167	0.000156358184309	0.000674456480125	-0.00152445921079	-0.000850985045745	0.000278373806687	-8.37962513233e-05	0.000212507853623	-6.6643458795e-05	-0.000213055632759	0.000314116264424
tfidfa1	tfidfa	1	-0.16194559819	0.279326989097	0.0308448346577	0.0762139454667	-0.0359217682685	-0.0043969435287	-0.0105041516686	-0.0276525588091	0.00779690256391	0.00749644661767	0.0451287283133	0.040295520856	0.00910022424833	0.0173723487882	-0.00750533361942	-0.000473323831533	-0.00929946213312	0.0234977820256	0.00362815897439	-0.00434463950573	0.00568395246842	-0.00356225188095	0.004506312202	0.00161300584734	0.00196016173226	0.000328749151654	0.00219537079884	0.00145728061066	0.000781217244963	0.0003092754574	-0.00081228932076	7.23773871476e-05	5.02519241892e-06	0.000244265786267	-0.000338564100135
tfidfa1.5	tfidfa	1.5	0.0530437845842	0.277284597619	0.110503615067	0.0389463547042	0.0221317090477	-0.0239132205045	-0.0128126998941	-0.0278840194361	0.0476754227063	-0.0342497479001	-0.0105398059389	0.00454134720721	0.0121971180935	-0.00472297618761	-0.0243526765311	-0.0277036593924	0.0209319597865	0.00597016710412	-0.00810630979298	-0.0118742247472	0.00414641506123	0.00324588456393	-0.000484849960694	-0.000324621628997	-8.76320818781e-05	0.00291042179725	-1.22992140034e-05	-0.000179778331763	0.000678566473778	-0.0010203905017	0.00131346257813	-9.64933968541e-05	4.20593682033e-05	-9.53417132582e-05	0.00013430857222
tfidfa16	tfidfa	16	0.535204916917	-0.181487798762	-0.0691998383468	0.0371303798974	-0.00239312556855	-0.00136718595914	-0.0289401518355	0.00688085070579	0.019422426184	-0.00086463947544	0.00473381002516	-0.00333780096195	0.00493137854803	0.00242189215433	0.0089635410018	-0.00280827904237	-0.000642500079404	-0.00190100400281	0.00307809541514	-0.00156356524376	-0.000466390089547	0.0035884184183	0.0017357141424	0.000938825463921	0.00280670929414	0.0011212631348	0.00339887667327	0.000699517459125	-0.00273983413818	-0.00352950903584	-0.000238649991787	-0.0035309292269	-0.00303900528176	-0.000771707886706	-0.000441649794881
tfidfa2	tfidfa	2	0.215684438643	0.21157123624	0.118911878403	0.0176217007271	0.0612008046295	-0.0266545951848	-0.00445464443936	0.0155301408832	0.0287160658949	-0.0333614962467	-0.00563610944352	-0.0109246112711	-0.0187433781037	0.0444097242551	0.00897009273951	0.0108669860332	-0.000818347846275	-0.0149680547969	0.00146248901513	0.00829503968934	0.000630122151922	0.00317360905826	-0.00359838066689	-0.00424383647895	-0.00209909421954	0.00139995559725	-0.00312389041721	0.00113960990091	-0.00116640239325	-0.000520572512966	-0.000217174069267	0.000427329485438	0.000134326316643	6.67993706504e-05	-0.00014191303398
tfidfa4	tfidfa	4	0.461926822741	-0.0195973933578	0.0242190073878	0.00971440028909	0.057478876444	-0.0044176474177	-0.0176848517708	0.0435061039732	-0.00693461483672	0.0151769443256	0.00945293764584	0.00836861087251	0.00997175289039	-0.0110542839844	0.00742674230454	-0.00872622613393	-0.000590780681439	-0.00675122643735	0.00212329873647	-0.00594317607049	-0.00953963763949	-0.00340618951905	0.0084108230611	-0.00457296492971	0.018532205139	6.48314715509e-05	-0.00293386890043	-0.000829597219644	-0.00441916545144	0.00137471431833	0.000723349818168	0.00164700803592	0.000103510062316	-7.4884609701e-05	3.81654131392e-05
tfidfa8	tfidfa	8	0.523122038148	-0.141897381509	-0.046155751377	0.0284869351886	0.00786843437092	0.0037319559167	-0.0257768391325	0.0138876499253	0.0157078796016	0.000361712301	0.0106373615645	0.000905512876663	0.0040693265903	-0.000947386555932	0.00748094592413	-0.00977138454239	-0.00152104181406	-0.00671820015926	-0.00163152218549	0.000487341004295	-0.00151696719626	-0.00286340165974	0.0143639143689	0.00191987388688	-0.00668634691185	-0.00101754651501	-0.00731392792762	0.00164909890467	0.00421403768416	-0.000998928983116	-0.00128951197724	-0.00195101110835	0.00148239199628	-0.000314160149768	-6.43305877655e-05
tfidfloga0	tfidfloga	0	-0.404890646741	-0.408145786084	0.150591234328	0.0124649649715	-0.035350579647	-0.00740440227215	-0.00410498820989	0.00836177318635	-0.00510460826281	-0.00475903178684	-0.00435973190484	0.00423885202503	0.000309886366294	-0.000360995874527	0.00172982430081	0.000531284842653	0.00174700507446	0.000252228150357	-0.00123425541232	0.000523962335165	-0.000507360402159	0.000309956369107	0.00112396408493	-0.000747677531804	4.52254729069e-05	0.000273756632795	8.45172281761e-05	-0.000157515209667	-0.000225605370217	0.000116558918947	-3.4171885566e-06	-0.000179496503746	3.24841872583e-05	1.38249228437e-05	-6.55037050401e-06
tfidfloga0.05	tfidfloga	0.05	-0.439874230452	-0.200337154842	-0.0376876938026	-0.00659803684007	0.049289232247	-0.0318767544001	-0.0052189142184	-0.0309356801625	-0.0141278656332	-0.0303585529269	0.0282882339483	-0.00801665986115	0.00556501890459	-0.0105467693404	-0.00394123866703	0.00112889272079	-0.0122687570517	-0.0152524424906	0.018457322404	-0.00554532021414	0.0149561760945	0.00276164705169	-0.00909345438637	0.0166501414014	0.00855496211163	-0.00199139004737	-0.00630680418864	0.00168967702596	-0.000136302406411	0.000428678777514	-0.00096429166591	-0.000270614925445	-3.14355893227e-05	-0.000313989496403	0.000185409107333
tfidfloga0.1	tfidfloga	0.1	-0.423630245445	-0.0434251221888	-0.12201386733	0.0241806879892	0.0484531723875	-0.0458534777657	-0.0138242142762	-0.0217532009406	-0.0307815760742	-0.0184503586596	0.00469290570793	-0.0255944350356	0.00787366125519	0.00538063995057	-0.000373871208368	-0.00414296878344	0.00544152934446	0.016310424872	0.000540640938231	0.00667658770462	-0.0131627527477	0.00128464108846	0.00570697418818	-0.0109012966659	0.00180194306833	-0.0131123050182	-0.00329533034685	-0.00709183211753	-0.000927097366858	-0.002084245018	5.67836612716e-05	-0.0013067162133	3.53498268363e-05	0.000102808977394	-0.000225795156775
tfidfloga0.15	tfidfloga	0.15	-0.394422503057	0.063669631057	-0.136265259472	0.0579753721631	0.0154850960866	-0.0514459251665	-0.00479808842641	-2.15825173285e-05	-0.022602338458	0.00807841935599	-0.0177033364856	-0.0122666475772	0.00636251688174	0.0117273136483	0.00839766288693	0.00019259382111	0.0121514870391	0.00676313257318	-0.0178025223538	-0.00119514949888	-0.00764235060436	0.0035193942441	0.000534234658958	0.00988775295543	0.00249481386165	0.00637619213756	0.000555863216452	0.0136447314224	-0.00198187786765	0.00320549523104	0.000154670304687	0.000383438721588	-2.73740878435e-05	0.000171736195335	-4.74598427561e-06
tfidfloga0.2	tfidfloga	0.2	-0.361740297588	0.140485506178	-0.116797705267	0.0806399458433	-0.0153760942586	-0.0523308853786	0.00915617721716	0.0144062103724	-0.00273178948164	0.019986513181	-0.0229284783345	0.0116431682155	0.00488949303265	0.0105391981854	0.00647222668365	0.00270605811145	0.00101290547218	-0.00696447471499	-0.00387113909589	-0.00673662617552	-0.00703218969233	-0.0036273524765	-0.00386942905035	0.00944223768564	-0.00103357990331	0.00735226058222	-0.000877085585388	-0.0123096202716	0.00468976000879	-0.00343328909385	0.000240467623827	0.00039671934893	-5.92805337011e-05	-0.000355756883659	4.94806304515e-05
tfidfloga0.25	tfidfloga	0.25	-0.327920065931	0.198443286789	-0.0841249273433	0.095924374052	-0.0344392917828	-0.0453715167659	0.0234778264409	0.0210033759244	0.016686528725	0.0197225733485	-0.0185291628655	0.0195464359852	0.00222632116287	0.00468608392192	-4.30569964237e-05	0.00108284607831	-0.00871418956969	0.000473138409035	0.0205347817239	-0.00905245026722	0.0103591855785	-0.00664369518791	0.00199208451547	-0.0130051997164	-0.00180617316399	-0.00510094334042	-0.000292734427694	0.00505537475953	-0.00198125972508	0.000238197553318	-0.000829051706724	8.14715270951e-05	3.89108152077e-05	0.000242302843317	-3.89412124757e-05
tfidfloga0.5	tfidfloga	0.5	-0.154408061161	0.335317686312	0.0976631127535	0.119205288986	-0.0130706912571	0.0250248014856	0.0667363103069	0.0221742678147	0.0286583500357	-0.0270360346403	0.000965448181764	-0.031355229428	-0.00594762372794	-0.0249591170658	-0.00592377802364	0.00211703518547	0.00559327008663	-0.00401994902291	-0.00380671093546	-0.00154294652483	-0.00338859310345	-0.00179640908639	-0.00130195486586	-0.000727653168013	0.00024002266706	-0.00159804471805	-0.000667845966954	-0.000454868925077	0.000472372988135	0.000735154188995	0.00028098016064	0.000208181357481	1.61337655021e-06	-5.09651036596e-05	-5.07625632324e-05
tfidfloga0.75	tfidfloga	0.75	0.0150621280058	0.336579517068	0.193745766137	0.0899973805803	0.0381427664656	0.0664085039187	0.0168531319581	-0.00911776047001	-0.0329891733198	0.00579945623427	0.0115974984082	0.000171109364606	0.0106197782595	0.0222746687191	0.0218626104983	0.0124770024509	-0.0133491231561	0.00363195136657	0.000457663900592	0.00490936993858	0.00118190550349	0.00658864290168	-0.00201825369744	-0.000382158898055	-0.00201089797758	0.00169889221346	-0.00337739574398	-0.00041450183787	-0.000722501923762	0.000429106171776	0.000673589275439	-6.47266828806e-06	2.07792486289e-05	-1.06368549222e-05	3.46835593389e-06
tfidfloga1	tfidfloga	1	0.166102614998	0.281424439138	0.211528020153	0.0396888863168	0.0690562976672	0.0344339984189	-0.0376786211448	-0.029649061945	-0.0248874583155	0.0266959636263	-0.0363257378232	0.00489092437381	-0.000841950055307	-0.0186735249829	-0.00773189731824	-0.00733637764477	0.00664303719416	0.000298826062332	0.00832635232264	-0.000853338183802	-0.00114052315932	-0.0101776052043	0.00153205877495	0.00561200904679	0.00405875583277	-0.00330058592056	0.00540054663977	-0.000566773168409	0.000908764223708	0.000576241677492	-0.0011046375735	-0.000384866505116	-0.000204837008362	1.9850414767e-05	8.03807616086e-05
tfidfloga16	tfidfloga	16	0.538738668367	-0.191706187991	-0.0732060448042	0.0391482850306	-0.00386245779939	-0.00333339721029	-0.0300478942748	0.00474730592038	0.0201826195788	-0.00119106706383	0.00389415148375	-0.00629149198882	0.00670697107433	0.00219215289617	0.0102317128422	-0.000630151189161	-0.000324919547902	-0.000177617841305	0.0053933623184	-0.00245663685323	-0.000918651777973	0.00370578851384	-0.00206293225854	0.00292921999471	0.0032875903802	-0.0022801985148	0.00526436818223	-0.00190864802162	-0.0029870078379	-0.000153677955938	-0.000278688113612	-0.00170354792755	0.00401985352944	0.000739508826075	-2.60811791516e-05
tfidfloga2	tfidfloga	2	0.442182854387	0.0360520177434	0.0864228215053	-0.00139682150944	0.0694227087581	-0.00358372288875	-0.0405000235846	0.0438950841607	-0.010980314416	0.0172914926555	0.0109054302127	0.000683258338715	-0.0275847403746	-0.0151303670884	-0.0124989140352	0.0149519748774	-0.0028572985529	0.0137089916171	-0.00635497153516	-0.00788588342694	0.00401303475767	0.00274947297518	-0.00577756012714	0.00182022632879	-0.0115965936047	0.00235628848191	-0.00507526603548	0.000181445845197	-0.00189832054305	-0.00167060519098	-0.000738679009503	-0.000927810732348	0.000282758185321	-5.37811924466e-05	-1.76021536597e-05
tfidfloga4	tfidfloga	4	0.520026517599	-0.114423555506	-0.0149705101814	0.0165064653773	0.0225808048115	-0.00107589270587	-0.0289867451579	0.027477262685	0.0051740293771	0.00296433775994	0.0175446870247	0.000502051020867	0.0130763132125	-0.00919920562588	0.00999885294487	-0.0141364738491	-0.00186813582657	-0.00162126224124	-0.00441435741579	0.0130616286481	0.00524949389352	-0.00337957049445	-0.00811679128079	-0.00325426525754	-0.00505948059745	0.000301866450361	0.00847873186021	0.000982118426977	0.00843123524926	9.4264509821e-05	0.00136443484263	8.22663359902e-05	-0.00056406825133	0.000338684975269	-0.000122521614943
tfidfloga8	tfidfloga	8	0.534737314087	-0.171014849174	-0.0588361160329	0.0325871514007	-0.00125892275234	-6.41929280789e-05	-0.0299697270578	0.00736397309904	0.0180027403413	-0.00304773323807	0.00944917369486	-0.00274684058331	0.00493810477654	0.0021813500927	0.00734697033451	-0.00518445587064	0.00020698177123	-0.00214044237775	0.0012531444616	0.000813498661816	1.30953835575e-05	0.00456692646376	0.00286873741283	0.00107778843252	-0.00198308233569	-0.00196671607731	0.00211789652326	-0.00112298417446	-0.00172643867416	0.00426615377893	0.000502199964878	0.00611677459131	-0.00226669544784	0.000110879716436	0.000657495658959
